year,hours_worked,iso3c
1950,1820.795,SWE
1951,1812.666,SWE
1952,1812.666,SWE
1953,1794.603,SWE
1954,1804.538,SWE
1955,1794.603,SWE
1956,1772.023,SWE
1957,1772.023,SWE
1958,1743.122,SWE
1959,1719.639,SWE
1960,1715.123,SWE
1961,1716.93,SWE
1962,1706.092,SWE
1963,1700.673,SWE
1964,1672.674,SWE
1965,1662.74,SWE
1966,1650.095,SWE
1967,1622.097,SWE
1968,1583.26,SWE
1969,1562.487,SWE
1970,1562.084,SWE
1971,1533.19,SWE
1972,1497.073,SWE
1973,1482.626,SWE
1974,1465.47,SWE
1975,1443.799,SWE
1976,1451.926,SWE
1977,1427.547,SWE
1978,1391.429,SWE
1979,1381.497,SWE
1980,1380.594,SWE
1981,1373.37,SWE
1982,1386.011,SWE
1983,1395.041,SWE
1984,1396.847,SWE
1985,1401.361,SWE
1986,1399.555,SWE
1987,1407.682,SWE
1988,1425.741,SWE
1989,1423.935,SWE
1990,1422.129,SWE
1991,1410.391,SWE
1992,1424.838,SWE
1993,1441.091,SWE
1994,1476.305,SWE
1995,1481.736,SWE
1996,1492.611,SWE
1997,1497.143,SWE
1998,1496.236,SWE
1999,1505.299,SWE
2000,1488.986,SWE
2001,1468.142,SWE
2002,1446.392,SWE
2003,1432.798,SWE
2004,1452.736,SWE
2005,1451.83,SWE
2006,1450.017,SWE
2007,1461.798,SWE
2008,1474.486,SWE
2009,1459.986,SWE
2010,1485.361,SWE
2011,1486.267,SWE
2012,1472.674,SWE
2013,1464.517,SWE
2014,1465.423,SWE
2015,1466.33,SWE
2016,1478.111,SWE
2017,1465.423,SWE
2018,1464.517,SWE
2019,1450.923,SWE
2020,1421.923,SWE
2021,1440.954,SWE
2022,1435.517,SWE
2023,1430.986,SWE
2024,1430.986,SWE
1950,2002.852,USA
1951,2021.636,USA
1952,2023.635,USA
1953,2028.495,USA
1954,2019.623,USA
1955,2039.928,USA
1956,2038.26,USA
1957,2010.177,USA
1958,1983.864,USA
1959,1994.137,USA
1960,1988.789,USA
1961,1977.861,USA
1962,1996.248,USA
1963,2009.988,USA
1964,2016.407,USA
1965,2025.908,USA
1966,2015.689,USA
1967,1991.881,USA
1968,1980.662,USA
1969,1978.575,USA
1970,1948.727,USA
1971,1936.431,USA
1972,1931.682,USA
1973,1932.577,USA
1974,1901.462,USA
1975,1880.672,USA
1976,1883.513,USA
1977,1886.473,USA
1978,1877.741,USA
1979,1875.686,USA
1980,1859.109,USA
1981,1854.333,USA
1982,1846.421,USA
1983,1866.917,USA
1984,1883.263,USA
1985,1881.752,USA
1986,1874.623,USA
1987,1883.439,USA
1988,1882.867,USA
1989,1895.148,USA
1990,1878.419,USA
1991,1868.058,USA
1992,1867.28,USA
1993,1875.011,USA
1994,1886.99,USA
1995,1886.286,USA
1996,1887.026,USA
1997,1893.567,USA
1998,1891.635,USA
1999,1889.274,USA
2000,1879.846,USA
2001,1859.869,USA
2002,1854.013,USA
2003,1844.095,USA
2004,1845.116,USA
2005,1842.134,USA
2006,1846.845,USA
2007,1841.875,USA
2008,1830.442,USA
2009,1798.778,USA
2010,1810.388,USA
2011,1820.304,USA
2012,1827.068,USA
2013,1825.439,USA
2014,1830.36,USA
2015,1831.118,USA
2016,1822.366,USA
2017,1820.449,USA
2018,1825.66,USA
2019,1822.579,USA
2020,1799.777,USA
2021,1819.895,USA
2022,1810.944,USA
2023,1804.95,USA
2024,1795.906,USA
1960,1994.751,FIN
1961,1993.784,FIN
1962,1987.009,FIN
1963,1983.137,FIN
1964,2008.301,FIN
1965,2008.301,FIN
1966,1984.105,FIN
1967,1967.652,FIN
1968,1952.166,FIN
1969,1933.777,FIN
1970,1918.653,FIN
1971,1884.772,FIN
1972,1869.283,FIN
1973,1853.794,FIN
1974,1847.986,FIN
1975,1751.182,FIN
1976,1743.438,FIN
1977,1730.854,FIN
1978,1736.662,FIN
1979,1730.854,FIN
1980,1732.79,FIN
1981,1726.981,FIN
1982,1719.237,FIN
1983,1709.557,FIN
1984,1705.685,FIN
1985,1699.876,FIN
1986,1683.42,FIN
1987,1690.196,FIN
1988,1694.068,FIN
1989,1694.068,FIN
1990,1670.835,FIN
1991,1652.442,FIN
1992,1651.474,FIN
1993,1651.474,FIN
1994,1671.803,FIN
1995,1676.643,FIN
1996,1675.675,FIN
1997,1671.803,FIN
1998,1662.123,FIN
1999,1661.155,FIN
2000,1652.564,FIN
2001,1638.026,FIN
2002,1630.272,FIN
2003,1624.456,FIN
2004,1626.395,FIN
2005,1615.733,FIN
2006,1610.887,FIN
2007,1607.01,FIN
2008,1603.133,FIN
2009,1582.779,FIN
2010,1587.625,FIN
2011,1579.871,FIN
2012,1568.24,FIN
2013,1560.486,FIN
2014,1556.609,FIN
2015,1555.64,FIN
2016,1554.67,FIN
2017,1548.855,FIN
2018,1546.916,FIN
2019,1537.224,FIN
2020,1529.47,FIN
2021,1527.532,FIN
2022,1512.993,FIN
2023,1497.485,FIN
2024,1509.116,FIN
1979,1819.902,AUS
1980,1818.165,AUS
1981,1803.143,AUS
1982,1781.569,AUS
1983,1765.077,AUS
1984,1785.128,AUS
1985,1778.954,AUS
1986,1782.335,AUS
1987,1781.48,AUS
1988,1778.658,AUS
1989,1791.204,AUS
1990,1777.58,AUS
1991,1763.491,AUS
1992,1760.266,AUS
1993,1778.604,AUS
1994,1785.088,AUS
2010,1688,AUS
2011,1690,AUS
2012,1682,AUS
2016,1661,AUS
2017,1665,AUS
2018,1653,AUS
2020,1610,AUS
2021,1620,AUS
2022,1626,AUS
2023,1645,AUS
2024,1627,AUS
1995,1614.639,AUT
1996,1644.521,AUT
1997,1653.751,AUT
1998,1634.743,AUT
1999,1639.861,AUT
2000,1639.861,AUT
2001,1628.986,AUT
2002,1625.97,AUT
2003,1618.477,AUT
2004,1623.138,AUT
2005,1602.851,AUT
2006,1587.681,AUT
2007,1579.365,AUT
2008,1574.248,AUT
2009,1531.846,AUT
2010,1528.374,AUT
2011,1538.06,AUT
2012,1520.058,AUT
2013,1512.016,AUT
2014,1510.189,AUT
2015,1495.111,AUT
2016,1507.173,AUT
2017,1499.04,AUT
2018,1505.163,AUT
2019,1515.398,AUT
2020,1401.169,AUT
2021,1443.297,AUT
2022,1444.759,AUT
2023,1447.957,AUT
2024,1432.239,AUT
1970,1883.657,BEL
1971,1873.855,BEL
1972,1847.948,BEL
1973,1820.542,BEL
1974,1792.335,BEL
1975,1783.133,BEL
1976,1785.933,BEL
1977,1760.227,BEL
1978,1743.423,BEL
1979,1727.019,BEL
1980,1706.914,BEL
1981,1683.808,BEL
1982,1669.405,BEL
1983,1675.306,BEL
1984,1699.412,BEL
1985,1705.414,BEL
1986,1685.409,BEL
1987,1670.305,BEL
1988,1658.302,BEL
1989,1649.3,BEL
1990,1663.303,BEL
1991,1626.194,BEL
1992,1603.089,BEL
1993,1558.978,BEL
1994,1558.978,BEL
1995,1578.383,BEL
1996,1575.382,BEL
1997,1582.384,BEL
1998,1574.382,BEL
1999,1575.382,BEL
2000,1589.102,BEL
2001,1581.243,BEL
2002,1593.646,BEL
2003,1598.22,BEL
2004,1587.803,BEL
2005,1577.676,BEL
2006,1591.638,BEL
2007,1593.658,BEL
2008,1582.505,BEL
2009,1564.164,BEL
2010,1578.194,BEL
2011,1594.696,BEL
2012,1592.525,BEL
2013,1591.506,BEL
2014,1587.92,BEL
2015,1582.106,BEL
2016,1582.189,BEL
2017,1584.384,BEL
2018,1587.5,BEL
2019,1587.405,BEL
2020,1458.985,BEL
2021,1550.989,BEL
2022,1589.981,BEL
2023,1593.289,BEL
2024,1593.244,BEL
2016,1705,CAN
2017,1694,CAN
2018,1704,CAN
2019,1693,CAN
2020,1658,CAN
2021,1691,CAN
2022,1693,CAN
2023,1694,CAN
2024,1697,CAN
2010,2076,CHL
2011,2056,CHL
2012,2033,CHL
2013,2027,CHL
2014,2000,CHL
2023,1953,CHL
2024,1919,CHL
1970,2603.34,COL
1971,2591.69,COL
1972,2580.093,COL
1973,2568.548,COL
1974,2556.908,COL
1975,2545.321,COL
1976,2533.787,COL
1977,2522.304,COL
1978,2510.874,COL
1979,2499.496,COL
1980,2488.169,COL
1981,2475.24,COL
1982,2462.378,COL
1983,2449.583,COL
1984,2436.855,COL
1985,2424.192,COL
1986,2411.596,COL
1987,2399.065,COL
1988,2386.599,COL
1989,2374.198,COL
1990,2362.201,COL
1991,2350.173,COL
1992,2338.207,COL
1993,2353.751,COL
1994,2369.399,COL
2015,2395.831,COL
2016,2392.209,COL
2017,2376.426,COL
2018,2385.939,COL
2019,2382.611,COL
2020,2069.439,COL
2021,2287.544,COL
2022,2282.116,COL
2023,2252.462,COL
2023,2170.5,CRI
2024,2149,CRI
1995,1831.48,CZE
1996,1829.348,CZE
1997,1837.643,CZE
1998,1860.957,CZE
1999,1890.646,CZE
2000,1900.422,CZE
2001,1823.254,CZE
2002,1812.366,CZE
2003,1799.214,CZE
2004,1813.586,CZE
2005,1802.671,CZE
2006,1789.104,CZE
2007,1774.68,CZE
2008,1789.289,CZE
2009,1779.339,CZE
2010,1798.807,CZE
2011,1804.786,CZE
2012,1774.424,CZE
2013,1761.224,CZE
2014,1771.798,CZE
2015,1749.727,CZE
2016,1773.193,CZE
2017,1775.649,CZE
2018,1783.554,CZE
2019,1783.152,CZE
2020,1672.854,CZE
2021,1721.574,CZE
2022,1779.403,CZE
2023,1774.155,CZE
2024,1770.708,CZE
1970,1845.348,DNK
1971,1809.736,DNK
1972,1751.845,DNK
1973,1709.507,DNK
1974,1691.495,DNK
1975,1616.505,DNK
1976,1623.536,DNK
1977,1598.425,DNK
1978,1575.157,DNK
1979,1563.845,DNK
1980,1577.436,DNK
1981,1546.399,DNK
1982,1552.841,DNK
1983,1545.958,DNK
1984,1540.836,DNK
1985,1527.464,DNK
1986,1530.954,DNK
1987,1493.025,DNK
1988,1471.17,DNK
1989,1454.952,DNK
1990,1440.502,DNK
1991,1437.314,DNK
1992,1452.365,DNK
1993,1448.921,DNK
1994,1406.661,DNK
1995,1419.133,DNK
1996,1412.261,DNK
1997,1428.088,DNK
1998,1441.122,DNK
1999,1456.503,DNK
2000,1465.946,DNK
2001,1468.658,DNK
2002,1462.575,DNK
2003,1457.813,DNK
2004,1458.082,DNK
2005,1451.37,DNK
2006,1455.689,DNK
2007,1432.765,DNK
2008,1429.972,DNK
2009,1416.854,DNK
2010,1422.293,DNK
2011,1436.826,DNK
2012,1423.267,DNK
2013,1425.736,DNK
2014,1413.646,DNK
2015,1406.894,DNK
2016,1412.018,DNK
2017,1404.081,DNK
2018,1380.78,DNK
2019,1372.385,DNK
2020,1340.595,DNK
2021,1388.907,DNK
2022,1385.049,DNK
2023,1379.945,DNK
2024,1378.748,DNK
2000,1883.541,EST
2001,1876.516,EST
2002,1878.605,EST
2003,1883.98,EST
2004,1891.719,EST
2005,1912.586,EST
2006,1905.556,EST
2007,1903.169,EST
2008,1873.919,EST
2009,1744.758,EST
2010,1785.29,EST
2011,1827.345,EST
2012,1795.751,EST
2013,1776.854,EST
2014,1770.748,EST
2015,1763.306,EST
2016,1766.718,EST
2017,1768.131,EST
2018,1707.299,EST
2019,1694.293,EST
2020,1637.233,EST
2021,1625.451,EST
2022,1601.718,EST
2023,1605.743,EST
2024,1611.124,EST
1990,1644.851,FRA
1991,1637.782,FRA
1992,1635.152,FRA
1993,1626.686,FRA
1994,1623.234,FRA
1995,1579.078,FRA
1996,1575.092,FRA
1997,1573.885,FRA
1998,1564.927,FRA
1999,1560.667,FRA
2000,1542.145,FRA
2001,1523.128,FRA
2002,1489.72,FRA
2003,1493.354,FRA
2004,1517.261,FRA
2005,1518.586,FRA
2006,1503.363,FRA
2007,1525.35,FRA
2008,1531.923,FRA
2009,1520.032,FRA
2010,1528.035,FRA
2011,1533.702,FRA
2012,1527.898,FRA
2013,1512.796,FRA
2014,1504.182,FRA
2015,1504.331,FRA
2016,1507.395,FRA
2017,1492.042,FRA
2018,1499.651,FRA
2019,1504.382,FRA
2020,1390.85,FRA
2021,1468.614,FRA
2022,1493.84,FRA
2023,1488.518,FRA
2024,1490.729,FRA
1970,1960.449,DEU
1971,1928.538,DEU
1972,1905.509,DEU
1974,1837.596,DEU
1975,1800.829,DEU
1976,1813.297,DEU
1977,1795.818,DEU
1978,1776.881,DEU
1979,1765.023,DEU
1980,1745.688,DEU
1981,1724.153,DEU
1982,1712.987,DEU
1983,1700.126,DEU
1984,1688.562,DEU
1985,1665.532,DEU
1986,1646.589,DEU
1987,1624.457,DEU
1988,1619.272,DEU
1989,1595.844,DEU
1990,1572.814,DEU
1991,1554.071,DEU
1992,1565.105,DEU
1993,1540.173,DEU
1994,1536.58,DEU
1995,1528.897,DEU
1996,1515.496,DEU
1997,1506.156,DEU
1998,1503.01,DEU
1999,1490.267,DEU
2000,1464.534,DEU
2001,1457.354,DEU
2002,1448.336,DEU
2003,1443.067,DEU
2004,1442.652,DEU
2005,1431.893,DEU
2006,1452.421,DEU
2007,1453.857,DEU
2008,1446.892,DEU
2009,1406.77,DEU
2010,1425.368,DEU
2011,1427.183,DEU
2012,1405.995,DEU
2013,1395.734,DEU
2014,1400.007,DEU
2015,1401.59,DEU
2016,1395.829,DEU
2017,1388.212,DEU
2018,1380.726,DEU
2019,1372.045,DEU
2020,1313.566,DEU
2021,1341.88,DEU
2022,1340.14,DEU
2023,1335.274,DEU
2024,1331.451,DEU
1983,2072.195,GRC
1984,2002.995,GRC
1985,2020.058,GRC
1986,2008.683,GRC
1987,1967.921,GRC
1988,1956.546,GRC
1989,1997.307,GRC
1990,1975.505,GRC
1991,2004.891,GRC
1992,2031.433,GRC
1993,2051.34,GRC
1994,2018.162,GRC
1995,2000.821,GRC
1996,1999.584,GRC
1997,1998.202,GRC
1998,1998.667,GRC
1999,1995.27,GRC
2000,1997.913,GRC
2001,1991.742,GRC
2002,1984.239,GRC
2003,1982.592,GRC
2004,1974.129,GRC
2005,2025.022,GRC
2006,2014.69,GRC
2007,2001.087,GRC
2008,1996.603,GRC
2009,1972.859,GRC
2010,1931.078,GRC
2011,1950.219,GRC
2012,1989.93,GRC
2013,1996.605,GRC
2014,1949.332,GRC
2015,1934.986,GRC
2016,1942.727,GRC
2017,1946.938,GRC
2018,1961.081,GRC
2019,1917.592,GRC
2020,1735.434,GRC
2021,1853.799,GRC
2022,1881.747,GRC
2023,1893.062,GRC
2024,1898.22,GRC
1995,1952.371,HUN
1996,1950.144,HUN
1997,1958.439,HUN
1998,1945.358,HUN
1999,1945.036,HUN
2000,1940.261,HUN
2001,1906.431,HUN
2002,1892.032,HUN
2003,1857.141,HUN
2004,1850.891,HUN
2005,1827.059,HUN
2006,1817.931,HUN
2007,1795.226,HUN
2008,1790.623,HUN
2009,1755.303,HUN
2010,1759.832,HUN
2011,1747.195,HUN
2012,1744.73,HUN
2013,1740.719,HUN
2014,1749.015,HUN
2015,1742.848,HUN
2016,1755.904,HUN
2017,1749.673,HUN
2018,1736.875,HUN
2019,1728.264,HUN
2020,1653.149,HUN
2021,1682.396,HUN
2022,1691.617,HUN
2023,1671.139,HUN
2024,1674.274,HUN
1970,2046.67,ISL
1971,2006.881,ISL
1972,1972.663,ISL
1973,1954.659,ISL
1974,1929.074,ISL
1975,1903.458,ISL
1976,1874.998,ISL
1977,1831.44,ISL
1978,1791.557,ISL
1979,1778.233,ISL
1980,1767.798,ISL
1981,1761.146,ISL
1982,1763.98,ISL
1983,1763.995,ISL
1984,1762.092,ISL
1985,1761.153,ISL
1986,1753.577,ISL
1987,1751.647,ISL
1988,1759.242,ISL
1989,1754.53,ISL
1990,1744.093,ISL
1991,1747.822,ISL
1992,1752.689,ISL
1993,1756.434,ISL
1994,1764.222,ISL
1995,1733.685,ISL
1996,1758.782,ISL
1997,1736.957,ISL
1998,1741.122,ISL
1999,1742.37,ISL
2000,1728.713,ISL
2001,1714.427,ISL
2002,1714.466,ISL
2003,1682.435,ISL
2004,1686.855,ISL
2005,1614.845,ISL
2006,1588.35,ISL
2007,1553.874,ISL
2008,1625.204,ISL
2009,1536.385,ISL
2010,1527.852,ISL
2011,1537.681,ISL
2012,1523.065,ISL
2013,1524.133,ISL
2014,1513.436,ISL
2015,1511.402,ISL
2016,1519.995,ISL
2017,1507.077,ISL
2018,1496.456,ISL
2019,1480.148,ISL
2020,1464.424,ISL
2021,1460.389,ISL
2022,1459.89,ISL
2023,1451.993,ISL
2024,1434.11,ISL
1970,2288.492,IRL
1971,2271.817,IRL
1972,2252.065,IRL
1973,2239.751,IRL
1974,2204.094,IRL
1975,2194.346,IRL
1976,2188.959,IRL
1977,2159.971,IRL
1978,2140.731,IRL
1979,2119.439,IRL
1980,2080.96,IRL
1981,2050.177,IRL
1982,2042.994,IRL
1983,2032.989,IRL
1984,2015.289,IRL
1985,2022.215,IRL
1986,2056.077,IRL
1987,2035.811,IRL
1988,2044.02,IRL
1989,2051.203,IRL
1990,2039.915,IRL
1991,2005.541,IRL
1992,1958.083,IRL
1993,1931.917,IRL
1994,1932.173,IRL
1995,1962.008,IRL
1996,1953.599,IRL
1997,1954.201,IRL
1998,1914.3,IRL
1999,1890.1,IRL
2000,1877,IRL
2001,1853.8,IRL
2002,1838.7,IRL
2003,1808,IRL
2004,1792.6,IRL
2005,1793,IRL
2006,1772.1,IRL
2007,1744.8,IRL
2008,1710.6,IRL
2009,1660.5,IRL
2010,1664.9,IRL
2013,1677.3,IRL
2014,1688.9,IRL
2015,1682.1,IRL
2016,1705,IRL
2017,1727.3,IRL
2018,1742.4,IRL
2020,1620.2,IRL
2021,1629.8,IRL
2022,1658.8,IRL
2023,1629.3,IRL
2024,1621.7,IRL
1981,1966.364,ISR
1982,1942.088,ISR
1983,1928.939,ISR
1984,1931.973,ISR
1985,1931.973,ISR
1986,1926.916,ISR
1987,1920.847,ISR
1988,1878.364,ISR
1989,1909.72,ISR
1990,1904.663,ISR
1991,1897.582,ISR
1992,1951.192,ISR
1993,1953.215,ISR
1994,1993.675,ISR
1995,2019.569,ISR
1996,2037.771,ISR
1997,2041.117,ISR
1998,2016.306,ISR
1999,2023.139,ISR
2000,2033.031,ISR
2001,1992.15,ISR
2002,2008.505,ISR
2003,1989.037,ISR
2004,1966.233,ISR
2005,1957.112,ISR
2006,1945.005,ISR
2007,1957.866,ISR
2008,1955.662,ISR
2009,1956.012,ISR
2010,1950.301,ISR
2011,1941.947,ISR
2012,1916.593,ISR
2013,1906.779,ISR
2014,1893.307,ISR
2015,1894.42,ISR
2016,1918.541,ISR
2017,1918.016,ISR
2018,1910.715,ISR
2019,1894.942,ISR
2020,1778.438,ISR
2021,1877.381,ISR
2022,1890.858,ISR
2023,1880.809,ISR
2024,1877.038,ISR
1970,2042.316,ITA
1971,1989.836,ITA
1972,1970.973,ITA
1973,1954.73,ITA
1974,1924.153,ITA
1975,1908.631,ITA
1976,1906.535,ITA
1977,1871.688,ITA
1978,1861.644,ITA
1979,1855.108,ITA
1980,1856.145,ITA
1981,1862.422,ITA
1982,1873.828,ITA
1983,1873.101,ITA
1984,1862.735,ITA
1985,1859.236,ITA
1986,1867.672,ITA
1987,1886.798,ITA
1988,1890.464,ITA
1989,1874.599,ITA
1990,1863.888,ITA
1991,1856.938,ITA
1992,1860.098,ITA
1993,1859.962,ITA
1994,1853.881,ITA
1995,1832.5,ITA
1996,1841.439,ITA
1997,1835.325,ITA
1998,1849.668,ITA
1999,1847.116,ITA
2000,1827.7,ITA
2001,1818.168,ITA
2002,1801.002,ITA
2003,1784.348,ITA
2004,1783.564,ITA
2005,1779.861,ITA
2006,1781.106,ITA
2007,1786.214,ITA
2008,1775.378,ITA
2009,1742.563,ITA
2010,1743.237,ITA
2011,1739.031,ITA
2012,1700.625,ITA
2013,1687.479,ITA
2014,1685.58,ITA
2015,1688.082,ITA
2016,1692.141,ITA
2017,1690.696,ITA
2018,1690.236,ITA
2019,1680.492,ITA
2020,1513.929,ITA
2021,1653.027,ITA
2022,1691.253,ITA
2023,1701.421,ITA
2024,1709.15,ITA
2020,1597.011,JPN
2021,1607.483,JPN
2022,1606.995,JPN
2023,1610.745,JPN
2024,1617.381,JPN
2013,2105,KOR
2014,2075,KOR
2015,2082,KOR
2018,1992,KOR
2019,1966,KOR
2020,1907,KOR
2022,1900,KOR
2023,1872,KOR
2024,1865,KOR
1995,1867.147,LVA
1996,1865.496,LVA
1997,1861.21,LVA
1998,1860.042,LVA
1999,1861.487,LVA
2000,1864.652,LVA
2001,1872.527,LVA
2002,1841.687,LVA
2003,1836.005,LVA
2004,1802.164,LVA
2005,1842.139,LVA
2006,1829.009,LVA
2007,1793.631,LVA
2008,1751.089,LVA
2009,1707.336,LVA
2010,1692.401,LVA
2011,1707.045,LVA
2012,1691.64,LVA
2013,1685.934,LVA
2014,1695.308,LVA
2015,1663.186,LVA
2016,1663.836,LVA
2017,1649.865,LVA
2018,1661.178,LVA
2019,1660.633,LVA
2020,1570.681,LVA
2021,1597.461,LVA
2022,1630.316,LVA
2023,1625.241,LVA
2024,1636.665,LVA
1995,1552.343,LTU
1996,1550.065,LTU
1997,1554.901,LTU
1998,1596.507,LTU
1999,1549.766,LTU
2000,1657.845,LTU
2001,1645.638,LTU
2002,1619.101,LTU
2003,1603.989,LTU
2004,1685.643,LTU
2005,1688.635,LTU
2006,1680.991,LTU
2007,1708.159,LTU
2008,1733.278,LTU
2009,1670.844,LTU
2010,1697.472,LTU
2011,1674.999,LTU
2012,1673.034,LTU
2013,1658.257,LTU
2014,1650.661,LTU
2015,1673.202,LTU
2016,1694.331,LTU
2017,1656.934,LTU
2018,1664.095,LTU
2019,1665.665,LTU
2020,1595.552,LTU
2021,1619.266,LTU
2022,1624.95,LTU
2023,1640.355,LTU
2024,1659.65,LTU
1970,1884.545,LUX
1971,1880.96,LUX
1972,1859.946,LUX
1973,1830.072,LUX
1974,1806.08,LUX
1975,1777.873,LUX
1976,1794.686,LUX
1977,1769.056,LUX
1978,1751.087,LUX
1979,1734.128,LUX
1980,1717.581,LUX
1981,1692.823,LUX
1982,1674.813,LUX
1983,1669.064,LUX
1984,1655.194,LUX
1985,1659.818,LUX
1986,1651.495,LUX
1987,1649.646,LUX
1988,1669.989,LUX
1989,1658.893,LUX
1990,1658.893,LUX
1991,1641.324,LUX
1992,1620.056,LUX
1993,1626.529,LUX
1994,1605.261,LUX
1998,1598,LUX
2005,1566,LUX
2011,1519,LUX
2020,1388,LUX
2021,1475,LUX
2022,1472,LUX
2023,1466,LUX
2024,1468,LUX
2005,2284.318,MEX
2006,2271.572,MEX
2007,2252.178,MEX
2008,2255.999,MEX
2009,2245.172,MEX
2010,2243.893,MEX
2011,2236.718,MEX
2012,2226.199,MEX
2013,2230.844,MEX
2014,2229.068,MEX
2015,2233.595,MEX
2016,2237.939,MEX
2017,2237.741,MEX
2018,2237.945,MEX
2019,2227.517,MEX
2020,2207.426,MEX
2021,2216.265,MEX
2022,2226.3,MEX
2023,2206.628,MEX
2024,2193.358,MEX
1995,1502.953,NLD
1996,1514.931,NLD
1997,1505.469,NLD
1998,1498.38,NLD
1999,1491.954,NLD
2000,1485.914,NLD
2001,1475.767,NLD
2002,1458.44,NLD
2003,1449.821,NLD
2004,1459.46,NLD
2005,1450,NLD
2006,1449.103,NLD
2007,1451.464,NLD
2008,1447.427,NLD
2009,1438.088,NLD
2010,1437.442,NLD
2011,1435.548,NLD
2012,1430.18,NLD
2013,1438.8,NLD
2014,1446.646,NLD
2015,1449.67,NLD
2016,1459.737,NLD
2017,1463.482,NLD
2018,1463.412,NLD
2019,1465.361,NLD
2020,1416.243,NLD
2021,1445.17,NLD
2022,1449.757,NLD
2023,1449.243,NLD
2024,1445.043,NLD
1970,1863.992,NZL
1971,1860.782,NZL
1972,1846.338,NZL
1973,1844.031,NZL
1974,1852.456,NZL
1975,1836.708,NZL
1976,1833.498,NZL
1977,1838.915,NZL
1978,1830.088,NZL
1979,1820.86,NZL
1980,1810.027,NZL
1981,1791.972,NZL
1982,1799.294,NZL
1983,1852.858,NZL
1984,1846.338,NZL
1985,1840.319,NZL
2023,1751,NZL
2024,1741,NZL
1986,1527.8,NOR
1987,1500.8,NOR
1988,1503.6,NOR
1989,1500.6,NOR
1990,1492.676,NOR
1991,1489.897,NOR
1993,1496.569,NOR
1994,1494.442,NOR
2022,1422,NOR
2023,1412,NOR
2024,1407,NOR
1993,1903.245,POL
1994,1940.738,POL
1995,1858.513,POL
1996,1858.66,POL
1997,1858.48,POL
1998,1858.427,POL
1999,1874.98,POL
2000,1858.34,POL
2001,1860.119,POL
2002,1855.463,POL
2003,1860.549,POL
2004,1860.871,POL
2005,1855.975,POL
2006,1857.342,POL
2007,1854.695,POL
2008,1847.54,POL
2009,1833.614,POL
2010,1828.972,POL
2011,1824.33,POL
2012,1819.688,POL
2013,1816.434,POL
2014,1822.296,POL
2015,1829.159,POL
2016,1831.364,POL
2017,1811.616,POL
2018,1787.329,POL
2019,1796.511,POL
2020,1779.211,POL
2021,1827.92,POL
2022,1818.444,POL
2023,1806.919,POL
2024,1785.142,POL
1970,1963.479,PRT
1971,1950.573,PRT
1972,1938.59,PRT
1973,1926.606,PRT
1974,1914.622,PRT
1975,1903.561,PRT
1976,1892.499,PRT
1977,1881.437,PRT
1978,1870.375,PRT
1979,1859.313,PRT
1980,1849.173,PRT
1981,1838.111,PRT
1982,1827.049,PRT
1983,1816.909,PRT
1984,1805.847,PRT
1985,1795.707,PRT
1986,1784.646,PRT
1987,1799.395,PRT
1988,1798.473,PRT
1989,1817.831,PRT
1990,1805.847,PRT
1991,1739.476,PRT
1992,1682.323,PRT
1993,1684.167,PRT
1994,1691.542,PRT
1995,1758.83,PRT
1996,1759.807,PRT
1997,1755.126,PRT
1998,1769.461,PRT
1999,1771.1,PRT
2000,1780.003,PRT
2001,1764.59,PRT
2002,1758.152,PRT
2003,1751.637,PRT
2004,1757.32,PRT
2005,1759.227,PRT
2006,1748.284,PRT
2007,1764.177,PRT
2008,1752.014,PRT
2009,1752.415,PRT
2010,1755.048,PRT
2011,1729.588,PRT
2012,1708.598,PRT
2013,1718.767,PRT
2014,1726.294,PRT
2015,1731.758,PRT
2016,1737.476,PRT
2017,1727.047,PRT
2018,1736.839,PRT
2019,1741.303,PRT
2020,1630.844,PRT
2021,1680.509,PRT
2022,1720.243,PRT
2023,1734.942,PRT
2024,1715.776,PRT
2021,1581,SVK
2022,1610,SVK
2023,1621,SVK
2024,1624,SVK
2003,1723,SVN
2020,1533,SVN
2021,1594,SVN
2023,1588,SVN
2024,1602,SVN
1970,2046.445,ESP
1971,2042.168,ESP
1972,2038.095,ESP
1973,2034.019,ESP
1974,2029.952,ESP
1975,2025.893,ESP
1976,2021.829,ESP
1977,2017.729,ESP
1978,1986.616,ESP
1979,1936.477,ESP
1980,1918.344,ESP
1981,1884.258,ESP
1982,1863.152,ESP
1983,1831.047,ESP
1984,1786.953,ESP
1985,1776.945,ESP
1986,1768.919,ESP
1987,1760.893,ESP
1988,1756.83,ESP
1989,1744.841,ESP
1990,1746.823,ESP
1991,1755.84,ESP
1992,1747.813,ESP
1993,1739.787,ESP
1994,1738.796,ESP
1995,1735.916,ESP
1996,1740.426,ESP
1997,1743.212,ESP
1998,1752.442,ESP
1999,1758.401,ESP
2000,1753.089,ESP
2001,1762.652,ESP
2002,1762.219,ESP
2003,1751.272,ESP
2004,1735.051,ESP
2005,1717.967,ESP
2006,1707.05,ESP
2007,1694.868,ESP
2008,1705.075,ESP
2009,1711.16,ESP
2010,1703.215,ESP
2011,1708.592,ESP
2012,1699.222,ESP
2013,1688.109,ESP
2014,1688.149,ESP
2015,1689.956,ESP
2016,1696.839,ESP
2017,1688.791,ESP
2018,1693.496,ESP
2019,1678.23,ESP
2020,1562.677,ESP
2021,1633.474,ESP
2022,1653.44,ESP
2023,1637.986,ESP
2024,1633.531,ESP
1995,1720.264,CHE
1996,1696.873,CHE
1997,1687.455,CHE
1998,1695.534,CHE
1999,1717.399,CHE
2000,1712.744,CHE
2001,1672.849,CHE
2002,1651.259,CHE
2003,1664.542,CHE
2004,1694.952,CHE
2005,1689.969,CHE
2006,1679.238,CHE
2007,1668.869,CHE
2008,1659.458,CHE
2009,1650.777,CHE
2010,1611.235,CHE
2011,1608.309,CHE
2012,1592.564,CHE
2013,1572.689,CHE
2014,1564.47,CHE
2015,1576.62,CHE
2016,1577.044,CHE
2017,1559.09,CHE
2018,1551.416,CHE
2019,1549.095,CHE
2020,1498.798,CHE
2021,1532.479,CHE
2022,1536.634,CHE
2023,1529.574,CHE
2024,1531.708,CHE
2014,1829.543,TUR
2015,1810.707,TUR
2016,1789.414,TUR
2017,1775.492,TUR
2018,1745.191,TUR
2019,1732.088,TUR
2020,1572.392,TUR
2021,1732.088,TUR
1970,1774.941,GBR
1971,1740.12,GBR
1972,1708.965,GBR
1973,1760.279,GBR
1974,1724.542,GBR
1975,1719.961,GBR
1976,1704.383,GBR
1977,1686.973,GBR
1978,1668.646,GBR
1979,1661.315,GBR
1980,1619.164,GBR
1981,1566.933,GBR
1982,1580.678,GBR
1983,1567.849,GBR
1984,1582.51,GBR
1985,1612.749,GBR
1986,1615.498,GBR
1987,1605.419,GBR
1988,1642.072,GBR
1989,1631.076,GBR
1990,1617.331,GBR
1991,1614.582,GBR
1992,1582.51,GBR
1993,1577.012,GBR
1994,1586.176,GBR
1995,1586.176,GBR
1996,1586.176,GBR
1997,1586.176,GBR
1998,1581.594,GBR
1999,1572.431,GBR
2000,1526.015,GBR
2001,1530.503,GBR
2002,1511.653,GBR
2003,1502.676,GBR
2004,1502.676,GBR
2005,1524.22,GBR
2006,1504.471,GBR
2007,1512.55,GBR
2008,1516.141,GBR
2009,1491.904,GBR
2010,1491.904,GBR
2011,1481.132,GBR
2012,1497.29,GBR
2013,1523.322,GBR
2014,1517.039,GBR
2015,1513.448,GBR
2016,1541.275,GBR
2017,1521.527,GBR
2018,1519.732,GBR
2019,1508.96,GBR
2020,1207.347,GBR
2021,1485.621,GBR
2022,1505.369,GBR
2023,1496.393,GBR
2024,1511.653,GBR
1970,2030.934,OECD
1971,2017.232,OECD
1972,2004.117,OECD
1973,1997.145,OECD
1974,1969.925,OECD
1975,1953.19,OECD
1976,1955.59,OECD
1977,1946.7,OECD
1978,1935.719,OECD
1979,1929.831,OECD
1980,1918.752,OECD
1981,1907.943,OECD
1982,1899.946,OECD
1983,1898.851,OECD
1984,1898.059,OECD
1985,1893.165,OECD
1986,1888.71,OECD
1987,1887.901,OECD
1988,1888.203,OECD
1989,1884.989,OECD
1990,1871.295,OECD
1991,1860.666,OECD
1992,1856.922,OECD
1993,1851.252,OECD
1994,1858.548,OECD
1995,1850.264,OECD
1996,1854.459,OECD
1997,1855.441,OECD
1998,1846.067,OECD
1999,1846.94,OECD
2000,1835.318,OECD
2001,1821.649,OECD
2002,1820.274,OECD
2003,1811.405,OECD
2004,1810.196,OECD
2005,1820.914,OECD
2006,1821.828,OECD
2007,1818.865,OECD
2008,1814.279,OECD
2009,1787.078,OECD
2010,1794.279,OECD
2011,1794.887,OECD
2012,1793.991,OECD
2013,1790.179,OECD
2014,1788.446,OECD
2015,1787.889,OECD
2016,1785.746,OECD
2017,1777.285,OECD
2018,1772.627,OECD
2019,1762.864,OECD
2020,1676.398,OECD
2021,1738.584,OECD
2022,1745.584,OECD
2023,1740.168,OECD
2024,1736.445,OECD
2008,1693.596,BGR
2009,1646.275,BGR
2010,1644.838,BGR
2011,1643.593,BGR
2012,1644.45,BGR
2013,1644.98,BGR
2014,1644.059,BGR
2015,1644.385,BGR
2016,1643.547,BGR
2017,1643.258,BGR
2018,1644.572,BGR
2019,1647.279,BGR
2020,1609.076,BGR
2021,1620.664,BGR
2022,1618.987,BGR
2023,1659.33,BGR
2024,1625.275,BGR
2008,1931.175,HRV
2009,1927.961,HRV
2010,1941.841,HRV
2011,1939.251,HRV
2012,1922.981,HRV
2013,1908.49,HRV
2014,1890.608,HRV
2015,1826.636,HRV
2016,1834.403,HRV
2017,1823.602,HRV
2018,1811.057,HRV
2019,1995.753,HRV
2020,1975.554,HRV
2021,1970.4,HRV
2022,1963.428,HRV
2023,1974.043,HRV
2024,1955.869,HRV
2008,1867.718,CYP
2009,1847.104,CYP
2010,1844.997,CYP
2011,1847.274,CYP
2012,1845.269,CYP
2013,1810.279,CYP
2014,1815.434,CYP
2015,1824.331,CYP
2016,1839.675,CYP
2017,1821.455,CYP
2018,1806.559,CYP
2019,1812.651,CYP
2020,1725.319,CYP
2021,1817.599,CYP
2022,1836.271,CYP
2023,1839.561,CYP
2024,1843.781,CYP
2000,2113.6,MLT
2001,2089.585,MLT
2002,2071.887,MLT
2003,2041.805,MLT
2004,1969.598,MLT
2008,2012.017,MLT
2009,2006.417,MLT
2010,1982.877,MLT
2011,1929.973,MLT
2012,1905.932,MLT
2013,1887.626,MLT
2014,1869.915,MLT
2015,1864.757,MLT
2016,1915.836,MLT
2017,1902.362,MLT
2018,1928.963,MLT
2019,1988.468,MLT
2020,1833.576,MLT
2021,1840.742,MLT
2022,1846.514,MLT
2023,1847.832,MLT
2024,1818.94,MLT
2004,2452,PER
2005,2452,PER
2006,2435,PER
2007,2455,PER
2008,2456,PER
2009,2424,PER
2010,2395,PER
2011,2372,PER
2012,2362,PER
2013,2336,PER
2014,2325,PER
2015,2334,PER
2016,2309,PER
2017,2312,PER
2018,2333,PER
2019,2329,PER
2020,2253,PER
2021,2303,PER
2022,2232,PER
2023,2252,PER
2024,2263,PER
1995,1822.647,ROU
1996,1861.459,ROU
1997,1860.526,ROU
1998,1859.146,ROU
1999,1850.048,ROU
2000,1853.002,ROU
2001,1852.477,ROU
2002,1867.181,ROU
2003,1837.064,ROU
2004,1886.585,ROU
2005,1876.988,ROU
2006,1836.085,ROU
2007,1839.936,ROU
2008,1835.245,ROU
2009,1815.491,ROU
2010,1840.677,ROU
2011,1849.275,ROU
2012,1811.539,ROU
2013,1806.463,ROU
2014,1792.532,ROU
2015,1785.672,ROU
2016,1809.03,ROU
2017,1785.842,ROU
2018,1786.984,ROU
2019,1803.11,ROU
2020,1756.282,ROU
2021,1823.531,ROU
2022,1802.465,ROU
2023,1825.914,ROU
2024,1828.915,ROU
1986,2399,CHL
1987,2405,CHL
1988,2411,CHL
1989,2416,CHL
1990,2422,CHL
1991,2419,CHL
1992,2415,CHL
1993,2389,CHL
1994,2364,CHL
1995,2338,CHL
1996,2313,CHL
1997,2256,CHL
1998,2299,CHL
1999,2277,CHL
2000,2263,CHL
2001,2242,CHL
2002,2250,CHL
2003,2235,CHL
2004,2232,CHL
2005,2157,CHL
2006,2165,CHL
2007,2128,CHL
2008,2095,CHL
2009,2074,CHL
1987,2366,CRI
1988,2346,CRI
1989,2307,CRI
1990,2358,CRI
1991,2272,CRI
1992,2359,CRI
1993,2346,CRI
1994,2370,CRI
1995,2345,CRI
1996,2387,CRI
1997,2365,CRI
1998,2356,CRI
1999,2370,CRI
2000,2362,CRI
2001,2329,CRI
2002,2357,CRI
2003,2350,CRI
2004,2369,CRI
2005,2352,CRI
2006,2360,CRI
2007,2387,CRI
2008,2392,CRI
2009,2348,CRI
2010,2243.1,CRI
2011,2285.3,CRI
2012,2233.4,CRI
2013,2140.6,CRI
2014,2121.7,CRI
2015,2148.2,CRI
2016,2204.7,CRI
2017,2178.9,CRI
2018,2121,CRI
2019,2059.6,CRI
2020,1913.2,CRI
2021,2073.3,CRI
2022,2149,CRI
1993,1857,CZE
1994,1839,CZE
1980,2348,HUN
1981,2347,HUN
1982,2248,HUN
1983,2226,HUN
1984,2149,HUN
1985,2120,HUN
1986,2111,HUN
1987,2158,HUN
1988,2151,HUN
1989,2125,HUN
1990,2082,HUN
1991,2048,HUN
1992,2002,HUN
1993,2002,HUN
1994,2142,HUN
1970,2243,JPN
1971,2239,JPN
1972,2228,JPN
1973,2201,JPN
1974,2137,JPN
1975,2112,JPN
1976,2128,JPN
1977,2129,JPN
1978,2123,JPN
1979,2126,JPN
1980,2121,JPN
1981,2106,JPN
1982,2104,JPN
1983,2095,JPN
1984,2108,JPN
1985,2093,JPN
1986,2097,JPN
1987,2096,JPN
1988,2092,JPN
1989,2070,JPN
1990,2031,JPN
1991,1998,JPN
1992,1965,JPN
1993,1905,JPN
1994,1898,JPN
1995,1884,JPN
1996,1892,JPN
1997,1865,JPN
1998,1842,JPN
1999,1810,JPN
2000,1821,JPN
2001,1809,JPN
2002,1798,JPN
2003,1799,JPN
2004,1785,JPN
2005,1777,JPN
2006,1786,JPN
2007,1785,JPN
2008,1771,JPN
2009,1714,JPN
2010,1733,JPN
2011,1728,JPN
2012,1745,JPN
2013,1734,JPN
2014,1729,JPN
2015,1719,JPN
2016,1714,JPN
2017,1709,JPN
2018,1680,JPN
2019,1644,JPN
2008,2228,KOR
2009,2174,KOR
2010,2163,KOR
2011,2136,KOR
2012,2119,KOR
2016,2068,KOR
2017,2018,KOR
2021,1910,KOR
1991,2113,MEX
1992,2104,MEX
1993,2112,MEX
1994,2146,MEX
1995,2161,MEX
1996,2192,MEX
1997,2241,MEX
1998,2168,MEX
1999,2242,MEX
2000,2174,MEX
2001,2146,MEX
2002,2196,MEX
2003,2143,MEX
2004,2123,MEX
1977,1608,NLD
1979,1559,NLD
1980,1556,NLD
1981,1556,NLD
1982,1542,NLD
1983,1527,NLD
1984,1519,NLD
1985,1502,NLD
1986,1488,NLD
1987,1467,NLD
1988,1464,NLD
1989,1459,NLD
1990,1454,NLD
1991,1444,NLD
1992,1451,NLD
1993,1440,NLD
1994,1447,NLD
1962,1995,NOR
1963,1986,NOR
1964,1996,NOR
1965,1951,NOR
1966,1952,NOR
1967,1936,NOR
1968,1897,NOR
1969,1849,NOR
1970,1819.1,NOR
1971,1798.1,NOR
1972,1765.6,NOR
1973,1751.5,NOR
1974,1730.9,NOR
1975,1715.3,NOR
1976,1662.9,NOR
1977,1627.4,NOR
1978,1591.6,NOR
1979,1569.4,NOR
1980,1569.4,NOR
1981,1560.5,NOR
1982,1549.4,NOR
1983,1542.8,NOR
1984,1537.9,NOR
1985,1532,NOR
1992,1500,NOR
1991,1718.1,CHE
1992,1725.4,CHE
1993,1720.4,CHE
1994,1739.7,CHE
1970,2086,TUR
1971,2077,TUR
1972,2069,TUR
1973,2060,TUR
1974,2044,TUR
1975,2028,TUR
1976,2012,TUR
1977,1996,TUR
1978,1980,TUR
1979,1964,TUR
1980,1957,TUR
1981,1950,TUR
1982,1943,TUR
1983,1935,TUR
1984,1871,TUR
1985,1898,TUR
1986,1883,TUR
1987,1844,TUR
1988,1837,TUR
1989,1867,TUR
1990,1866,TUR
1991,1870,TUR
1992,1897,TUR
1993,1917,TUR
1994,1886,TUR
1995,1876,TUR
1996,1892,TUR
1997,1878,TUR
1998,1884,TUR
1999,1925,TUR
2000,1937,TUR
2001,1942,TUR
2002,1943,TUR
2003,1943,TUR
2004,1918,TUR
2005,1936,TUR
2006,1944,TUR
2007,1911,TUR
2008,1900,TUR
2009,1881,TUR
2010,1877,TUR
2011,1864,TUR
2012,1855,TUR
2013,1832,TUR
1992,1933,RUS
1993,1939,RUS
1994,1895,RUS
1995,1891,RUS
1996,1894,RUS
1997,1951,RUS
1998,1946,RUS
1999,1964,RUS
2000,1982,RUS
2001,1980,RUS
2002,1982,RUS
2003,1993,RUS
2004,1993,RUS
2005,1989,RUS
2006,1998,RUS
2007,1999,RUS
2008,1997,RUS
2009,1974,RUS
2010,1976,RUS
2011,1979,RUS
2012,1982,RUS
2013,1980,RUS
2014,1985,RUS
2015,1978,RUS
2016,1974,RUS
2017,1979,RUS
2018,1970,RUS
2019,1965,RUS
2020,1874,RUS
1986,1834,NZL
1987,1838,NZL
1988,1829,NZL
1989,1820,NZL
1990,1809,NZL
1991,1792,NZL
1992,1799,NZL
1993,1853,NZL
1994,1848,NZL
1995,1841,NZL
1996,1834,NZL
1997,1826,NZL
1998,1829,NZL
1999,1845,NZL
2000,1836,NZL
2001,1825,NZL
2002,1826,NZL
2003,1823,NZL
2004,1830,NZL
2005,1815,NZL
2006,1795,NZL
2007,1774,NZL
2008,1761,NZL
2009,1740,NZL
2010,1755,NZL
2011,1746,NZL
2012,1734,NZL
2013,1756,NZL
2014,1758,NZL
2015,1753,NZL
2016,1754,NZL
2017,1756,NZL
2018,1759,NZL
2019,1783,NZL
2020,1739,NZL
2021,1730,NZL
2022,1748,NZL
1950,2351,FRA
1951,2360,FRA
1952,2339,FRA
1953,2313,FRA
1954,2316,FRA
1955,2292,FRA
1956,2236,FRA
1957,2200,FRA
1958,2179,FRA
1959,2179,FRA
1960,2188,FRA
1961,2165,FRA
1962,2178,FRA
1963,2159,FRA
1964,2166,FRA
1965,2153,FRA
1966,2145,FRA
1967,2110,FRA
1968,2087,FRA
1969,2012,FRA
1970,1993,FRA
1971,1990,FRA
1972,1937,FRA
1973,1920,FRA
1974,1888,FRA
1975,1863,FRA
1976,1889,FRA
1977,1850,FRA
1978,1819,FRA
1979,1816,FRA
1980,1806,FRA
1981,1786,FRA
1982,1714,FRA
1983,1696,FRA
1984,1690,FRA
1985,1654,FRA
1986,1648,FRA
1987,1659,FRA
1988,1667,FRA
1989,1651,FRA
1961,2059,CAN
1962,2058,CAN
1963,2041,CAN
1964,2033,CAN
1965,2016,CAN
1966,2001,CAN
1967,1993,CAN
1968,1958,CAN
1969,1943,CAN
1970,1925,CAN
1971,1912,CAN
1972,1904,CAN
1973,1898,CAN
1974,1891,CAN
1975,1872,CAN
1976,1862,CAN
1977,1834,CAN
1978,1836,CAN
1979,1841,CAN
1980,1827,CAN
1981,1812,CAN
1982,1789,CAN
1983,1779,CAN
1984,1789,CAN
1985,1795,CAN
1986,1797,CAN
1987,1807,CAN
1988,1808,CAN
1989,1802,CAN
1990,1797,CAN
1991,1775,CAN
1992,1772,CAN
1993,1769,CAN
1994,1778,CAN
1995,1775,CAN
1996,1790,CAN
1997,1802,CAN
1998,1797,CAN
1999,1795,CAN
2000,1789,CAN
2001,1775,CAN
2002,1757,CAN
2003,1747,CAN
2004,1757,CAN
2005,1747,CAN
2006,1745,CAN
2007,1745,CAN
2008,1742,CAN
2009,1710,CAN
2010,1715,CAN
2011,1711,CAN
2012,1721,CAN
2013,1714,CAN
2014,1709,CAN
2015,1710,CAN
1995,1786,AUS
1996,1781,AUS
1997,1778,AUS
1998,1764,AUS
1999,1768,AUS
2000,1767,AUS
2001,1736,AUS
2002,1728,AUS
2003,1723,AUS
2004,1721,AUS
2005,1719,AUS
2006,1709,AUS
2007,1709,AUS
2008,1709,AUS
2009,1681,AUS
2013,1680,AUS
2014,1672,AUS
2015,1670,AUS
2019,1651,AUS
2015,1999,CHL
2016,1983,CHL
2017,1968,CHL
2018,1961,CHL
2019,1940,CHL
2020,1828,CHL
2021,1921,CHL
2022,1966,CHL
1995,2364,COL
1996,2358,COL
1997,2352,COL
1998,2347,COL
1999,2347,COL
2000,2347,COL
2001,2347,COL
2002,2438,COL
2003,2419,COL
2004,2404,COL
2005,2416,COL
2006,2445,COL
2007,2473,COL
2008,2503,COL
2009,2461,COL
2010,2454,COL
2011,2435,COL
2012,2420,COL
2013,2413,COL
2014,2405,COL
1973,1877,DEU
2011,1668,IRL
2012,1663,IRL
2019,1742,IRL
1995,1615,LUX
1996,1593,LUX
1997,1600,LUX
1999,1598,LUX
2000,1605,LUX
2001,1593,LUX
2002,1588,LUX
2003,1586,LUX
2004,1586,LUX
2006,1567,LUX
2007,1581,LUX
2008,1581,LUX
2009,1518,LUX
2010,1521,LUX
2012,1514,LUX
2013,1506,LUX
2014,1512,LUX
2015,1519,LUX
2016,1518,LUX
2017,1508,LUX
2018,1499,LUX
2019,1493,LUX
1970,1809,NLD
1971,1777,NLD
1972,1775,NLD
1973,1749,NLD
1974,1696,NLD
1975,1644,NLD
1976,1628,NLD
1978,1580,NLD
1995,1479,NOR
1996,1474,NOR
1997,1468,NOR
1998,1467,NOR
1999,1465,NOR
2000,1448,NOR
2001,1424,NOR
2002,1412,NOR
2003,1401,NOR
2004,1423,NOR
2005,1429,NOR
2006,1426,NOR
2007,1438,NOR
2008,1443,NOR
2009,1422,NOR
2010,1430,NOR
2011,1435,NOR
2012,1431,NOR
2013,1421,NOR
2014,1424,NOR
2015,1427,NOR
2016,1430,NOR
2017,1419,NOR
2018,1419,NOR
2019,1419,NOR
2020,1410,NOR
2021,1426,NOR
1995,1853,SVK
1996,1820,SVK
1997,1830,SVK
1998,1822,SVK
1999,1816,SVK
2000,1816,SVK
2001,1801,SVK
2002,1754,SVK
2003,1698,SVK
2004,1742,SVK
2005,1769,SVK
2006,1774,SVK
2007,1791,SVK
2008,1793,SVK
2009,1780,SVK
2010,1805,SVK
2011,1793,SVK
2012,1789,SVK
2013,1772,SVK
2014,1760,SVK
2015,1754,SVK
2016,1740,SVK
2017,1714,SVK
2018,1704,SVK
2019,1692,SVK
2020,1572,SVK
1995,1756,SVN
1996,1728,SVN
1997,1715,SVN
1998,1728,SVN
1999,1730,SVN
2000,1710,SVN
2001,1696,SVN
2002,1720,SVN
2004,1737,SVN
2005,1697,SVN
2006,1667,SVN
2007,1655,SVN
2008,1673,SVN
2009,1679,SVN
2010,1680,SVN
2011,1663,SVN
2012,1644,SVN
2013,1662,SVN
2014,1682,SVN
2015,1687,SVN
2016,1652,SVN
2017,1622,SVN
2018,1603,SVN
2019,1601,SVN
2022,1610,SVN
1995,1711,BGR
1996,1708,BGR
1997,1707,BGR
1998,1650,BGR
1999,1670,BGR
2000,1640,BGR
2001,1652,BGR
2002,1651,BGR
2003,1641,BGR
2004,1664,BGR
2005,1659,BGR
2006,1654,BGR
2007,1655,BGR
1995,1923,HRV
1996,1923,HRV
1997,1923,HRV
1998,1923,HRV
1999,1923,HRV
2000,1922,HRV
2001,1923,HRV
2002,1923,HRV
2003,1924,HRV
2004,1926,HRV
2005,1926,HRV
2006,1928,HRV
2007,1930,HRV
1995,1900,CYP
1996,1899,CYP
1997,1906,CYP
1998,1913,CYP
1999,1920,CYP
2000,1926,CYP
2001,1951,CYP
2002,1923,CYP
2003,1916,CYP
2004,1879,CYP
2005,1847,CYP
2006,1833,CYP
2007,1862,CYP
1995,2092,MLT
1996,2119,MLT
1997,2142,MLT
1998,2164,MLT
1999,2183,MLT
2005,2167,MLT
2006,2175,MLT
2007,2171,MLT
