year,iso3c,employed,total_hours
1980,CAN,11160749.01,NA
1980,DNK,2515240,3967630000
1980,FIN,2360100,4224600000.0000005
1980,FRA,22608000,40145098000
1980,NOR,1936000,3038000000
1980,ESP,12652907.975,NA
1980,USA,102222000,NA
1980,DEU_F,27420000,48012420000
1981,CAN,11489194.879999999,NA
1981,DNK,2475755,3828505000
1981,FIN,2398800,4278899999.9999995
1981,NOR,1961000,3060000000
1981,ESP,12349503.883,NA
1981,USA,103399000,NA
1981,DEU_F,27453000,47477218000
1982,CAN,11110405.450000001,NA
1982,DNK,2486923,3861797000
1982,FIN,2413700,4287700000
1982,FRA,22656000,38133115000
1982,NOR,1962000,3040000000
1982,ESP,12243561.351,NA
1982,USA,102620000,NA
1982,DEU_F,27241000,46805486000
1983,CAN,11202179.959999999,NA
1983,DNK,2488700,3847425000
1983,FIN,2406300,4249800000
1983,NOR,1958000,3021000000
1983,ESP,12200775.886,NA
1983,USA,103963000,NA
1983,DEU_F,26993000,46031163000
1984,CAN,11484278.790000001,NA
1984,DNK,2524681,3890120000
1984,FIN,2414200,4253500000
1984,NOR,1973000,3034000000
1984,ESP,11928082.363,NA
1984,USA,108178000,NA
1984,DEU_F,27226000,46112676000
1985,CAN,11885667.4,NA
1985,DNK,2583414,3946072000
1985,FIN,2425800,4259399999.9999995
1985,NOR,2028000,3106000000
1985,ESP,11805725.121,NA
1985,USA,110371000,NA
1985,DEU_F,27608000,46121925000
1986,CAN,12228638.34,NA
1986,DNK,2646555,4051754000
1986,FIN,2416500,4203000000
1986,NOR,2094000,3199000000
1986,ESP,12079337.664,NA
1986,USA,112860000,NA
1986,DEU_F,28138000,46472721000
1987,CAN,12599203.43,NA
1987,CRI,927084,2198807000
1987,DNK,2666533,3981200000
1987,FIN,2440700,4262100000.0000005
1987,NOR,2138000,3208000000
1987,ESP,12658115.753,NA
1987,USA,115743000,NA
1987,DEU_F,28531000,46488411000
1988,CAN,13021758.67,NA
1988,CRI,964754,2268682000
1988,DNK,2653699,3904043000
1988,FIN,2448700,4285000000
1988,NOR,2126000,3197000000
1988,ESP,13101568.213000001,NA
1988,USA,118241000,NA
1988,DEU_F,28937000,46999475000
1989,CAN,13334261.32,NA
1989,CRI,1009710,2335563000
1989,DNK,2645218,3848664000
1989,FIN,2476700,4334300000
1989,NOR,2066000,3100000000
1989,ESP,13576114.169,NA
1989,USA,120606000,NA
1989,DEU_F,29480000,47188636000
1990,CAN,13410492.04,NA
1990,CRI,1032071.9999999999,2439343000
1990,DNK,2634085,3794406000
1990,FIN,2468400,4261500000
1990,NOR,2048000,3057000000
1990,ESP,14092067.059999999,NA
1990,USA,121998000,NA
1990,DEU_F,30409000,47973238000
1991,CAN,13179627.62,NA
1991,CRI,1030711,2348226000
1991,DNK,2608535,3749284000
1991,FIN,2331700,3981000000
1991,DEU,38873000,60389168000
1991,NOR,2029000,3023000000
1991,ESP,14261141.128999999,NA
1991,USA,120863000,NA
1991,DEU_F,31261000,48729647000
1992,CAN,13050586.520000001,NA
1992,CRI,1073051,2537282000
1992,DNK,2587473,3757955000
1992,FIN,2176100,3713400000
1992,DEU,38362000,60031652000
1992,NOR,2024000,3036000000
1992,ESP,14062683.963,NA
1992,USA,121472000,NA
1993,CAN,13156755.41,NA
1993,CRI,1134435,2668666000
1993,DNK,2545276,3687905000
1993,FIN,2051100,3498900000
1993,DEU,37865000,58262366000
1993,NOR,2040000,3053000000
1993,ESP,13663701.837000001,NA
1993,SWE,4150500,6602590000
1993,USA,123059000,NA
1994,CAN,13413357.55,NA
1994,CRI,1186513,2819281000
1994,DNK,2595821,3651441000
1994,FIN,2017500,3483900000
1994,DEU,37881000,58119029000
1994,JPN,66983000,NA
1994,NOR,2069000,3092000000
1994,ESP,13599013.072,NA
1994,SWE,4111300,6696540000
1994,USA,125708000,NA
1995,AUT,3587458,6362111000
1995,BEL,3868800,6106248000
1995,CAN,13626075.629999999,NA
1995,CRI,1224317,2878018000
1995,CZE,5105543,9350721000
1995,DNK,2612018,3706831000
1995,EST,633600,NA
1995,FIN,2058699.9999999998,3566600000
1995,DEU,38046000,58168380000
1995,GRC,4152506.9999999995,8984630000
1995,IRL,1482029,2938906000
1995,ISR,2310443.7309999997,4666108000
1995,ITA,21670500,39711156000
1995,JPN,67214000,NA
1995,LVA,930190,1985922000
1995,LTU,1483176,2607136000
1995,LUX,216997,350544000
1995,NLD,7281000,10855737000
1995,NOR,2112000,3123000000
1995,POL,14786900,30784730000
1995,PRT,4528984,8594726000
1995,SVK,2107194,3904725000
1995,SVN,922449,1619189000
1995,ESP,13858100,24056454000
1995,SWE,4177100.0000000005,6827490000
1995,CHE,3915584.152,6735840000
1995,GBR,25814340,44547982000
1995,USA,127444000,NA
1995,BGR,3518569,6019126000
1995,HRV,1557177,2994849000
1995,CYP,295940,562158000
1995,MLT,144864,303006000
1995,ROU,11617500,21174583000
1996,AUT,3601443,6503774000
1996,BEL,3879000,6107723000
1996,CAN,13766673.69,NA
1996,CRI,1214303,2905307000
1996,CZE,5131991,9388222000
1996,DNK,2637969,3725510000
1996,EST,618700,NA
1996,FIN,2093500,3623800000
1996,FRA,23852000,37569075000
1996,DEU,38062000,57682821000
1996,GRC,4132133,8930700000
1996,IRL,1507766,2962348000
1996,ISR,2408661.591,4908274000
1996,ITA,21802900,40148671000
1996,JPN,67281000,NA
1996,LVA,935355,1995183000
1996,LTU,1497106,2627761000
1996,LUX,222600,354526000
1996,NLD,7434000,11196053000
1996,NOR,2156000,3177000000
1996,POL,14964100,31156097000
1996,PRT,4604874,8743595000
1996,SVK,2151114,3914229000
1996,SVN,904166,1561899000
1996,ESP,14058400,24467619000
1996,SWE,4143100.0000000005,6825410000
1996,CHE,3904657.792,6625708000
1996,GBR,26056249,45025049000
1996,USA,129154000,NA
1996,EA20,133356900.75,223510809000
1996,BGR,3614976,6175118000
1996,HRV,1555701,2991927000
1996,CYP,297506,564833000
1996,MLT,147118,311760000
1996,ROU,11236400,20916149000
1997,AUT,3627770,6581994000
1997,BEL,3905400,6177692000
1997,CRI,1311014,3108693000
1997,CZE,5095985,9364577000
1997,DNK,2674415,3819311000
1997,EST,619000,NA
1997,FIN,2164600,3737800000
1997,DEU,38045000,57301714000
1997,GRC,4120746,8891189000
1997,HUN,3945081,7715629000
1997,IRL,1537721,2983693000
1997,ISR,2452774.236,5006352000
1997,ITA,21879400,40155761000
1997,JPN,67765000,NA
1997,LVA,976994,2079214000
1997,LTU,1506200,2651707000
1997,LUX,229850,367848000
1997,NLD,7661000,11428754000
1997,NOR,2221000,3261000000
1997,POL,15177100,31596516000
1997,PRT,4725552,8948871000
1997,SVK,2128906,3895901000
1997,SVN,887682,1522340000
1997,ESP,14584000,25423000000
1997,SWE,4090000,6756940000
1997,CHE,3898966.131,6579331000
1997,GBR,26522786,45224437000
1997,USA,131934000,NA
1997,BGR,3503914,5980710000
1997,HRV,1556089,2992653000
1997,CYP,299325,570606000
1997,MLT,147509,315924000
1997,ROU,11331900,21083271000
1998,AUT,3664440,6569488000
1998,CRI,1394695,3294665000
1998,CZE,5007586,9318890000
1998,DNK,2712123,3908531000
1998,EST,607400,NA
1998,FIN,2207800,3789700000
1998,FRA,24463000,38282800000
1998,DEU,38500000,57865880000
1998,GRC,4298700,9272884000
1998,ISR,2516879.7709999997,5074792000
1998,ITA,22107700,40891906000
1998,JPN,66989000,NA
1998,LTU,1494427,2701374000
1998,LUX,239929,383538000
1998,NLD,7840000,11670319000
1998,NOR,2280000,3344000000
1998,POL,15354400,31964724000
1998,PRT,4858132,9275077000
1998,SVK,2118874,3860286000
1998,SVN,886742,1532456000
1998,ESP,15222700,26676910000
1998,SWE,4158399.9999999995,6866180000
1998,CHE,3950720.893,6698582000
1998,GBR,26793530,46097514000
1998,USA,133785000,244778000000
1998,BGR,3467917,5722002000
1998,HRV,1551395,2983495000
1998,CYP,304024,581451000
1998,MLT,147209,318626000
1998,ROU,10990100,20432237000
1999,AUT,3719983,6682894000
1999,BEL,4028700,6346742000
1999,CAN,14729220,26438821000
1999,CRI,1412329,3355939000
1999,CZE,4899702,9263628000
1999,DNK,2734769,3983185000
1999,EST,580300,NA
1999,FIN,2253300,3867000000
1999,DEU,39125000,58306738000
1999,GRC,4308051,9270340000
1999,HUN,4058999,7930721000
1999,IRL,1697760,3235300000
1999,ISR,2590183.09,5240349000
1999,ITA,22362100,41305385000
1999,JPN,66091000,NA
1999,LVA,955917,2034661000
1999,LTU,1461517,2564765000
1999,LUX,250879,400932000
1999,NLD,8066000,11992987000
1999,NOR,2301000,3372000000
1999,PRT,4933240,9427196000
1999,SVK,2065188,3750882000
1999,SVN,900398,1560500000
1999,ESP,15915600,27985967000
1999,SWE,4245000,7052700000
1999,CHE,3982884.0719999997,6840202000
1999,GBR,27167078,46515690000
1999,USA,135779000,249154000000
1999,BGR,3318145,5539651000
1999,HRV,1552161,2985015000
1999,CYP,309637,594419000
1999,MLT,148186,323555000
1999,ROU,10855500,20083160000
2000,AUT,3755356,6749594000
2000,BEL,4109700,6530734000
2000,CAN,15065465,26945885000
2000,CRI,1446217,3424041000
2000,CZE,4859341,9234760000
2000,DNK,2755149,4038877000
2000,EST,585300,1157649000
2000,FIN,2299800,3920500000
2000,DEU,39976000,58546226000
2000,GRC,4324316,9299219000
2000,IRL,1772040,3354885000
2000,ISR,2684366.346,5457357000
2000,ITA,22807900,41686015000
2000,JPN,65610000,NA
2000,LVA,923688,1969402000
2000,LTU,1400218,2625578000
2000,LUX,263951,423638000
2000,NLD,8214000,12103363000
2000,NOR,2315000,3352000000
2000,POL,14516600,30219168000
2000,PRT,5041861,9683202000
2000,SVK,2024848,3676330000
2000,SVN,914743,1564272000
2000,ESP,16728300,29326206000
2000,SWE,4347500,7142440000
2000,CHE,4021787.9269999997,6888293000
2000,GBR,27483294,46697399000
2000,USA,139175000,252381000000
2000,BRA,78744515.039,NA
2000,BGR,3239195,5313110000
2000,HRV,1549241,2976888000
2000,CYP,314764,606351000
2000,MLT,146402,328748000
2000,MKD,592810,NA
2000,ROU,10771600,19959764000
2001,AUT,3782312,6746731000
2001,CAN,15204855,26994422000
2001,CRI,1526546,3564551000
2001,CZE,4846390,8836230000
2001,DNK,2782473,4086550000
2001,EST,588600,1159834000
2001,FIN,2335500,3946800000
2001,DEU,39865000,58097389000
2001,GRC,4334453,9284608000
2001,IRL,1821938,3408950000
2001,ISR,2684285.722,5347487000
2001,ITA,23242900,42259453000
2001,JPN,65370000,NA
2001,LTU,1348316,2508212000
2001,LUX,279093,444537000
2001,NLD,8377000,12260221000
2001,NOR,2317000,3299000000
2001,POL,14194800,29577575000
2001,PRT,5130092,9767341000
2001,SVK,2036513,3667216000
2001,SVN,919972,1560136000
2001,ESP,17286000,30469189000
2001,SWE,4437500,7189450000
2001,CHE,4088693.574,6839768000
2001,GBR,27711393,47074508000
2001,USA,139222000,249238000000
2001,BRA,79340589.421,NA
2001,BGR,3214740,5310297000
2001,HRV,1537616,2956398000
2001,CYP,321571,627349000
2001,MLT,148980,321179000
2001,MKD,580043,NA
2001,ROU,10657300,19742440000
2001,ZAF,12076459.04,NA
2002,AUT,3778835,6730279000
2002,BEL,4175500,6654267000
2002,CRI,1549701,3661473000
2002,CZE,4876774,8838481000
2002,DNK,2784200,4072128000
2002,EST,588500,1160928000
2002,FIN,2364400,3978100000
2002,DEU,39674000,57461348000
2002,GRC,4440866,9465217000
2002,ISR,2688318.287,5399451000
2002,ITA,23663600,42618245000
2002,JPN,64607000,NA
2002,LVA,952321,2005440000
2002,LTU,1396729,2557915000
2002,LUX,286814,455394000
2002,NLD,8436000,12197711000
2002,NOR,2319000,3274000000
2002,POL,13766300,28612913000
2002,PRT,5149933,9769342000
2002,SVK,2038414,3575522000
2002,SVN,932641,1604302000
2002,ESP,17732300,31248173000
2002,SWE,4442600,7090630000
2002,CHE,4117908.9880000004,6799733000
2002,GBR,27943903,46982889000
2002,USA,138807000,246602000000
2002,BRA,82416556.502,NA
2002,BGR,3222119,5320556000
2002,HRV,1548764,2978169000
2002,CYP,328297,631389000
2002,MLT,149393,331189000
2002,MKD,598518,NA
2002,ZAF,11965041.440000001,NA
2003,AUT,3803581,6741645000
2003,CAN,15917695,27801744000
2003,CRI,1598578,3766465000
2003,CZE,4838058,8704698000
2003,DNK,2758653,4021640000
2003,EST,601100,1189177000
2003,FIN,2370000,3973100000
2003,DEU,39246000,56634570000
2003,GRC,4491122,9564337000
2003,IRL,1884737,3436428000
2003,ISR,2716238.79,5402680000
2003,ITA,24048900,42911627000
2003,JPN,64641000,NA
2003,LVA,958281,2011766000
2003,LTU,1428916,2591160000
2003,LUX,292537,463931000
2003,NLD,8388000,12054997000
2003,NOR,2285000,3201000000
2003,PRT,5100191,9639132000
2003,SVK,2060466,3497782000
2003,SVN,929248,1601414000
2003,ESP,18314000,32072816000
2003,SWE,4421600,6991600000
2003,CHE,4103217.4590000003,6829976000
2003,GBR,28223073,47113494000
2003,USA,140084000,246070000000
2003,BRA,83770061.785,NA
2003,BGR,3317390,5442215000
2003,HRV,1585571,3050461000
2003,CYP,340105,651665000
2003,MLT,148821,326916000
2003,MKD,599279,NA
2003,ROU,9569400,17579561000
2003,ZAF,11812429.75,NA
2004,AUT,3827515,6793307000
2004,CAN,16179225,28423287000
2004,CRI,1615320,3837035000
2004,CZE,4828886,8757628000
2004,DNK,2744153,4001178000
2004,EST,598700,1189294000
2004,FIN,2382500,3997100000
2004,DEU,39370000,56797160000
2004,GRC,4606833,9735132000
2004,IRL,1946143,3520990000
2004,ISR,2774493.352,5455264000
2004,ITA,24183100,43132075000
2004,JPN,65010000,NA
2004,LVA,960619,1979501000
2004,LTU,1413220,2693630000
2004,LUX,299305,474752000
2004,NLD,8293000,12092734000
2004,NOR,2292000,3262000000
2004,POL,13760300,28683797000
2004,PRT,5064184,9602129000
2004,SVK,2055726,3581070000
2004,SVN,934366,1622557000
2004,ESP,18999500,32965055000
2004,SWE,4402600,7055700000
2004,CHE,4114564.3529999997,6973987000
2004,GBR,28533454,47212419000
2004,USA,141569000,249013000000
2004,BRA,87942470.47099999,NA
2004,BGR,3403395,5662198000
2004,HRV,1597565,3076415000
2004,CYP,353611,664283000
2004,MLT,149371,313384000
2004,MKD,559934,NA
2004,ZAF,12043837.5,NA
2005,AUT,3873583,6779468000
2005,CAN,16426294.999999998,28698818000
2005,CRI,1722026,4060273000
2005,CZE,4922640,8873944000
2005,DNK,2783163,4039378000
2005,EST,612300,1229727000
2005,FIN,2418900,4032400000
2005,DEU,39322000,56304911000
2005,GRC,4652092,10071111000
2005,IRL,2037007,3688162000
2005,ISR,2869994.749,5616868000
2005,ITA,24306500,43262191000
2005,JPN,65531000,NA
2005,LVA,969150,2041381000
2005,LTU,1423965,2715952000
2005,LUX,307523,481751000
2005,MEX,41764122,95402532000
2005,NLD,8346000,12053974000
2005,NOR,2319000,3313000000
2005,POL,14057000,29225184000
2005,PRT,5040959,9568468000
2005,SVK,2088909,3696301000
2005,SVN,929843,1577524000
2005,ESP,19808300,34029987000
2005,SWE,4400800,7048850000
2005,CHE,4144663.609,7004352000
2005,GBR,28853150,48249271000
2005,USA,143980000,252385000000
2005,BRA,90538825.983,NA
2005,BGR,3495268,5797417000
2005,HRV,1612280,3104539000
2005,CYP,366457,676963000
2005,MLT,151259,327835000
2005,MKD,587475,NA
2005,ROU,9159140,17191595000
2005,ZAF,12768858.71,NA
2006,AUT,3941309,6831827000
2006,BEL,4321400,6878103000
2006,CAN,16672890,29088551000
2006,CRI,1772217,4192380000
2006,CZE,4988977,8925768000
2006,DNK,2845937,4142840000
2006,EST,642200,1285036000
2006,FIN,2464400,4095200000
2006,DEU,39608000,57527471000
2006,GRC,4742951,10190830000
2006,IRL,2128249,3809836000
2006,ISR,2960917.4,5759002000
2006,ITA,24788700,44151296000
2006,JPN,65989000,NA
2006,LVA,1024944.9999999999,2143518000
2006,LTU,1420030,2694363000
2006,LUX,319273,500338000
2006,MEX,43047392,97785268000
2006,NLD,8527000,12283167000
2006,NOR,2396000,3417000000
2006,POL,14503900,30176517000
2006,PRT,5060864,9546496000
2006,SVK,2132387,3783828000
2006,SVN,944458,1574799000
2006,ESP,20627100,35211548000
2006,SWE,4484700,7175160000
2006,CHE,4234932.106000001,7111458000
2006,GBR,29140451,48565806000
2006,USA,146678000,257068000000
2006,BRA,93049796.354,NA
2006,BGR,3612042,5974685000
2006,HRV,1661877,3203550000
2006,CYP,373251,684138000
2006,MLT,153510,333848000
2006,MKD,614584,NA
2006,ROU,9353270,17173356000
2006,ZAF,13418807.23,NA
2007,AUT,4013260,6915056000
2007,CAN,17006560,29676570000
2007,CRI,1870739,4475883000
2007,CZE,5093143,9038690000
2007,DNK,2912410,4172813000
2007,EST,643400,1285825000
2007,FIN,2518900,4176399999.9999995
2007,DEU,40281000,58562791000
2007,GRC,4806731,10270706000
2007,IRL,2218601,3915537000
2007,ISR,3090966.9469999997,6051745000
2007,ITA,25102200,44837910000
2007,JPN,66513000,NA
2007,LVA,1064074,2182306000
2007,LTU,1448962,2792975000
2007,LUX,333255,526874000
2007,MEX,43903058,98877488000
2007,NLD,8777000,12634571000
2007,NOR,2490000,3581000000
2007,POL,15155900,31488117000
2007,PRT,5061579,9634638000
2007,SVK,2176968,3899391000
2007,SVN,976107,1615361000
2007,ESP,21296700,36095061000
2007,SWE,4588000,7398490000
2007,CHE,4344274.416,7250022000
2007,GBR,29378747,49025091000
2007,USA,148295000,258275000000
2007,BRA,94551693.678,NA
2007,BGR,3726742,6165971000
2007,HRV,1712883,3305289000
2007,CYP,389777,725794000
2007,MLT,156945,340662000
2007,MKD,632900,NA
2007,ROU,9488430,17458094000
2007,ZAF,13467260.83,NA
2008,AUT,4089451,7018097000
2008,CAN,17249955,30041189000
2008,CRI,1895330,4544780000
2008,CZE,5204079,9311575000
2008,DNK,2948868,4216786000
2008,EST,642100,1263505000
2008,FIN,2575100,4258700000
2008,DEU,40851000,59107021000
2008,GRC,4867126,10336126000
2008,IRL,2196670,3801389000
2008,ISR,3208376.335,6274515000
2008,ITA,25158300,44665457000
2008,JPN,66411000,NA
2008,LVA,1055068,2112513000
2008,LTU,1429997,2804311000
2008,LUX,349058,551943000
2008,MEX,43797595,98807620000
2008,NLD,8919000,12834608000
2008,NOR,2570000,3708000000
2008,POL,15731900,32558740000
2008,PRT,5080126,9603284000
2008,SVK,2247139,4029924000
2008,SVN,1000516,1674345000
2008,ESP,21312200,36338856000
2008,SWE,4611100,7500610000
2008,CHE,4448263.022,7381705000
2008,GBR,29627564,48798582000
2008,USA,147643000,255571000000
2008,BRA,95720196.094,NA
2008,BGR,3814647,6460476000
2008,HRV,1747905,3375520000
2008,CYP,403512,753643000
2008,MLT,160939,351504000
2008,MKD,682960,NA
2008,ROU,9359130,17176308000
2008,ZAF,14584861.037,NA
2009,AUT,4067494,6790828000
2009,CAN,16999685,29066585000
2009,CRI,1860854,4380903000
2009,CZE,5110100,9092566000
2009,DNK,2856328,4047044000
2009,EST,576600,1056412000
2009,FIN,2509800,4097300000
2009,DEU,40903000,57541115000
2009,GRC,4835998,10148379000
2009,ISR,3264856.4839999997,6386144000
2009,ITA,24736500,43104919000
2009,JPN,65646000,NA
2009,LVA,903723,1764264000
2009,LTU,1320688,2496693000
2009,LUX,352518,535145999.99999994
2009,MEX,44347016,99567916000
2009,NLD,8840000,12646511000
2009,NZL,2135800,NA
2009,NOR,2559000,3639000000
2009,POL,15789400,32431428000
2009,PRT,4941686,9343718000
2009,SVK,2203158,3922370000
2009,SVN,984120,1652349000
2009,ESP,19967800,34168083000
2009,SWE,4517400,7279030000
2009,CHE,4469114.985,7377512000
2009,GBR,29154264,47854656000
2009,USA,142183000,241081000000
2009,BRA,96559172.932,NA
2009,BGR,3749295,6172380000
2009,HRV,1736658,3348213000
2009,CYP,403643,745565000
2009,MLT,161002,352560000
2009,MKD,713077,NA
2009,ROU,9017120,16370519000
2009,ZAF,14193824.214,NA
2010,AUT,4098225.9999999995,6814810000
2010,CZE,5057241,9097036000
2010,DNK,2789862,3967990000
2010,EST,548100,1027523999.9999999
2010,FIN,2491000,4081400000
2010,DEU,41099000,58581224000
2010,GRC,4706437,9587642000
2010,IRL,1923011,3232078000
2010,ISR,3365634.874,6563966000
2010,ITA,24594300,42873727000
2010,JPN,65560000,NA
2010,LVA,843505,1632306000
2010,LTU,1250516,2401763000
2010,LUX,359016,546073000
2010,MEX,45063030,101121764000
2010,NLD,8779000,12555250000
2010,NZL,2155500,3715353000
2010,NOR,2552000,3649000000
2010,PRT,4871325,9224524000
2010,SVK,2169822,3916851000
2010,SVN,963411,1618844000
2010,ESP,19605800,33392886000
2010,SWE,4547600,7453130000
2010,CHE,4481711.2809999995,7221331000
2010,GBR,29226867,47643888000
2010,USA,141386000,241331000000
2010,BRA,98116218,NA
2010,BGR,3603885,5927815000
2010,HRV,1670308,3243477000
2010,CYP,406138,749327000
2010,MLT,163792,349871000
2010,MKD,687375,NA
2010,ROU,8725050,16060021000
2010,ZAF,13787976.154,NA
2011,AUT,4161953.0000000005,6946302000
2011,CRI,1798007,4117233000
2011,CZE,5031899,9081465000
2011,DNK,2786628,4003930000
2011,EST,584000,1120616000
2011,FIN,2528700,4122300000
2011,DEU,41570000,59328001000
2011,GRC,4505137,9268543000
2011,ISR,3480578.609,6759099000
2011,ITA,24654300,42874627000
2011,JPN,65354000,NA
2011,LTU,1257370,2383112000
2011,LUX,369628,561666000
2011,MEX,46050452,103019324000
2011,NLD,8850000,12661903000
2011,NZL,2181900,3752928000
2011,NOR,2589000,3714000000
2011,POL,15457300,31588538000
2011,PRT,4779124,8918626000
2011,SVK,2208313,3959528000
2011,SVN,947238,1575597000
2011,ESP,19130200,32685721000
2011,SWE,4652200,7629400000
2011,CHE,4597581.183,7394332000
2011,GBR,29374489,48274745000
2011,USA,142183000,244851000000
2011,BRA,99560157,NA
2011,BGR,3524552,5792925000
2011,HRV,1604284,3111101000
2011,CYP,407264,752321000
2011,MLT,168618,348792000
2011,MKD,697093,NA
2011,ROU,8522690,15760767000
2011,ZAF,14070050.140999999,NA
2012,AUT,4205164,6916348000
2012,CRI,1952784,4379311000
2012,CZE,5058262,8975459000
2012,DNK,2767154,3938409000
2012,EST,593500,1119155000
2012,FIN,2544200,4116800000
2012,DEU,42065000,59143211000
2012,GRC,4325833,9080870000
2012,IRL,1877948,3151721000
2012,ISR,3631653.2120000003,6960361000
2012,ITA,24592600,41822830000
2012,JPN,64897000,NA
2012,LVA,868633,1680177000
2012,LTU,1281190,2425306000
2012,LUX,378659,573176000
2012,MEX,47554500,105882412000
2012,NLD,8827000,12549475000
2012,NZL,2172700,3742263000
2012,NOR,2642000,3782000000
2012,POL,15474900,31544036000
2012,PRT,4585323,8453116000
2012,SVK,2209432,3952764000
2012,SVN,938580,1543376000
2012,ESP,18309500,31111891000
2012,SWE,4688200,7620570000
2012,CHE,4679467.023,7452555000
2012,GBR,29694324,49233127000
2012,USA,144750000,249452000000
2012,BRA,100960268,NA
2012,BGR,3436393,5650971000
2012,HRV,1546377,2973660000
2012,CYP,392811,724840000
2012,MLT,173325,353099000
2012,MKD,705383,NA
2012,ROU,8645300,15661331000
2012,ZAF,14424889.214000002,NA
2013,AUT,4224060,6883846000
2013,CHL,8039630.944,NA
2013,CRI,1977879,4265411000
2013,CZE,5076924,8941593000
2013,DNK,2768254,3946826000
2013,EST,600900,1121185000
2013,FIN,2523800,4064400000
2013,DEU,42378000,59148407000
2013,GRC,4300666,9058323000
2013,IRL,1933230,3279859000
2013,ISR,3738399.184,7128323000
2013,ITA,24144000,40742474000
2013,JPN,65162000,NA
2013,KOR,25299400,53134508000
2013,LVA,888632,1713053000
2013,LTU,1298742,2436842000
2013,LUX,385538,580732000
2013,MEX,48127656,107379296000
2013,NLD,8719000,12439253000
2013,NZL,2235800,3874577000
2013,NOR,2672000,3797000000
2013,POL,15463800,31465038000
2013,PRT,4452545,8257205000
2013,SVK,2192251,3883821000
2013,SVN,928020,1542634000
2013,ESP,17906900,30228796000
2013,SWE,4736000,7652910000
2013,CHE,4736049.807,7448384000
2013,GBR,30041770,50113904000
2013,USA,146187000,253010000000
2013,BRA,102537398,NA
2013,BGR,3421577,5628429000
2013,HRV,1502608,2867716000
2013,CYP,370848,671342000
2013,MLT,181095,362900000
2013,MKD,744838,NA
2013,ROU,8569400,15480252000
2013,ZAF,14865627.834999999,NA
2014,AUT,4266237,6916021000
2014,CHL,8153126.289,NA
2014,CRI,2016823,4306992000
2014,CZE,5103969,9043221000
2014,DNK,2786200,3938742000
2014,EST,605500,1125886000
2014,FIN,2510000,4031800000
2014,FRA,27452000,41292763000
2014,DEU,42756000,59858671000
2014,GRC,4453731,9158616000
2014,IRL,1984007,3387679000
2014,ISR,3853521.531,7295869000
2014,ITA,24145400,40698993000
2014,JPN,65428000,NA
2014,KOR,25897200,53615338000
2014,LVA,876632,1699326000
2014,LTU,1325234,2475161000
2014,LUX,395120,597449000
2014,MEX,48337284,107765504000
2014,NLD,8706000,12523791000
2014,NZL,2317000,4010646000
2014,NOR,2700000,3844000000
2014,POL,15731000,32112035000
2014,PRT,4521480,8421755999.999999
2014,SVK,2223149,3911884000
2014,SVN,931892,1567244000
2014,ESP,18092600,30543000000
2014,SWE,4805300,7769280000
2014,CHE,4825249.884,7549158000
2014,GBR,30752516,51506655000
2014,USA,148507000,257835000000
2014,BRA,105472678,NA
2014,BGR,3434165,5645978000
2014,HRV,1542332,2915942000
2014,CYP,363409,659747000
2014,MLT,192121,373734000
2014,MKD,762506,NA
2014,ROU,8634600,15477810000
2014,ZAF,15146303.543,NA
2015,AUT,4291973,6863767000
2015,CHL,8293054.376,NA
2015,CRI,2005279,4325207000
2015,CZE,5175094,9054958000
2015,DNK,2827150,3977497000
2015,EST,622900,1153372000
2015,FIN,2518000,4040500000
2015,DEU,43137000,60460401000
2015,GRC,4322573,8823481000
2015,HUN,4299169,7507100000
2015,IRL,2053547,3489512000
2015,ISR,3937457.752,7459152000
2015,ITA,24303200,41025829000
2015,JPN,65518000,NA
2015,KOR,26177700,54378778000
2015,LTU,1343869,2545302000
2015,LUX,405239,615741000
2015,MEX,49541846,110678876000
2015,NLD,8776000,12623528000
2015,NZL,2367700,4076644000
2015,NOR,2710000,3866000000
2015,POL,15970000,32722676000
2015,PRT,4590785,8577921000
2015,SVK,2267097,3976689000
2015,SVN,944092,1592998000
2015,ESP,18614800,31458249000
2015,SWE,4877700,7894410000
2015,CHE,4899154.814,7724346000
2015,GBR,31285035,51854295000
2015,USA,151006000,263197000000
2015,BRA,101955076,NA
2015,BGR,3446214,5666897000
2015,HRV,1561739,2852730000
2015,CYP,369117,673397000
2015,MLT,199402,385651000
2015,MKD,776746,NA
2015,ROU,8525700,15224096000
2015,RUS,72424900,NA
2015,ZAF,15740732.505,NA
2016,AUT,4348164,7011041000
2016,CHL,8389930.36,NA
2016,CRI,1951623,4317738000
2016,CZE,5228533,9271160000
2016,DNK,2873406,4057307000
2016,EST,624700,1158943000
2016,FIN,2532000,4062400000
2016,DEU,43686000,60978246000
2016,GRC,4469514,9159918000
2016,IRL,2131382,3671779000
2016,ISR,4031969.33,7735454000
2016,ITA,24650900,41712758000
2016,JPN,66138000,NA
2016,KOR,26409100,54464406000
2016,LVA,886298,1686172000
2016,LTU,1374294,2635787000
2016,LUX,417520,633782000
2016,MEX,50589568,113216392000
2016,NLD,8909000,12927763000
2016,NZL,2480500,4275970000.0000005
2016,NOR,2717000,3885000000
2016,POL,16099700,33028201999.999996
2016,PRT,4671440,8757435000
2016,SVK,2321049,4038652000
2016,SVN,961588,1588934000
2016,ESP,19012700,32261468000
2016,SWE,4975100,8112150000
2016,CHE,4967268.179,7833706000
2016,GBR,31745325,53094754000
2016,USA,153588000,266948000000
2016,BRA,100362394,NA
2016,BGR,3463347,5692180000
2016,HRV,1565518,2871795000
2016,CYP,386308,710685000
2016,MLT,208435,419327000
2016,MKD,788919,NA
2016,ROU,8429600,15249386000
2016,RUS,72065200,NA
2016,ZAF,15780441.971,NA
2017,AUT,4420121,7080960000
2017,CHL,8592194.128999999,NA
2017,CRI,2010593,4393714000
2017,CZE,5298119,9407578000
2017,DNK,2916640,4095180000
2017,EST,641500,1191062000
2017,FIN,2547300,4070600000
2017,DEU,44290000,61483908000
2017,GRC,4446627,9132782000
2017,ISR,4129006.1070000003,7919492000
2017,ITA,24940800,42167316000
2017,JPN,66832000,NA
2017,KOR,26724800,53782974000
2017,LVA,885986,1671429000
2017,LTU,1364440,2559135000
2017,LUX,432185,651779000
2017,MEX,51375858,114965872000
2017,NLD,9116000,13228217000
2017,NZL,2582000,4431237000
2017,NOR,2748000,3900000000
2017,POL,16315000,33108980000.000004
2017,PRT,4826186,8993236000
2017,SVK,2372256,4065534000
2017,SVN,989529,1604529000
2017,ESP,19512300,32952216999.999996
2017,SWE,5099900,8247070000
2017,CHE,5012550.006,7815687000
2017,GBR,32060170,53567554000
2017,USA,155493000,270452000000
2017,BRA,101617954,NA
2017,BGR,3525352,5793060000
2017,HRV,1603873,2924820000
2017,CYP,407135,741587000
2017,MLT,225033,437374000
2017,MKD,812321,NA
2017,ROU,8631000,15413569000
2017,RUS,71842700,150111635000
2017,ZAF,16168663.493,NA
2018,AUT,4498645,7225844000
2018,CHL,8783603.283,NA
2018,CRI,2080255.9999999998,4426760000
2018,CZE,5359131,9558326000
2018,DNK,2961805,4089619000
2018,EST,647360.8960000001,1160590000
2018,FIN,2613600,4171700000
2018,DEU,44878000,61964170000
2018,GRC,4650344,9620558000
2018,IRL,2264136,3981393000
2018,ISR,4205127.361,8034802000
2018,ITA,25194000,42583840000
2018,JPN,68006000,NA
2018,KOR,26822100,53309948000
2018,LTU,1383184,2605497000
2018,MEX,52849792,118274948000
2018,NLD,9361000,13583155000
2018,NZL,2624800,4532070000
2018,NOR,2792000,3963000000
2018,POL,16403700,32842692000.000004
2018,PRT,4942323,9261851000
2018,SVK,2419902,4123328999.9999995
2018,SVN,1020881,1636416000
2018,ESP,19938400,33765616000
2018,SWE,5186100,8380670000
2018,CHE,5064547.984,7857372000
2018,GBR,32442967,54028652000
2018,USA,157916000,274913000000
2018,BRA,104340275,NA
2018,BGR,3521640,5791589000
2018,HRV,1645348,2979823000
2018,CYP,428903,775939000
2018,MLT,238602,475810000
2018,MKD,813291,NA
2018,ROU,8638800,15437386000
2018,RUS,71561700,149761500000
2018,ZAF,16393524.966,NA
2019,AUT,4549865,7344462000
2019,CHL,8975909.919,NA
2019,CRI,2132137,4411915000
2019,CZE,5351366,9542315000
2019,DNK,3004186,4122911000
2019,EST,655643.8269999999,1166480000
2019,FIN,2652100,4205200000
2019,FRA,28662000,43118594000
2019,DEU,45291000,62141255000
2019,GRC,4751956,9612781000
2019,IRL,2335311,4110194999.9999995
2019,ISR,4266621.017,8085044000
2019,ITA,25349000,42598804000
2019,JPN,68615000,NA
2019,KOR,27122700,53204197000
2019,LTU,1390436,2621643000
2019,MEX,54304286,120963716000
2019,NLD,9573000,13943543000
2019,NZL,2671100,4628494000
2019,NOR,2836000,4023000000
2019,PRT,4983272,9362594000
2019,SVK,2445190,4137228000
2019,SVN,1045705.9999999999,1674621000
2019,ESP,20467100,34348535000.000004
2019,SWE,5219400,8356430000
2019,CHE,5101729.559,7903188000
2019,USA,159720000,278225000000
2019,BRA,105995759,NA
2019,BGR,3467677,5712238000
2019,CYP,445141,811270000
2019,MLT,252200,523553000
2019,MKD,831066,NA
2019,ROU,8649500,15596019000
2019,RUS,71064500,148814379000
2019,ZAF,16349854.756000001,NA
2020,AUT,4475277,6696917000
2020,BEL,4875100,7112700000
2020,CHL,7891186.260000001,NA
2020,CRI,1899543,3665125000
2020,CZE,5227234,8744379000
2020,DNK,2970846,3982709000
2020,EST,637865.9079999999,1096645000
2020,FIN,2590000,4086200000
2020,DEU,44966000,59065847000
2020,GRC,4629794,8475968999.999999
2020,IRL,2277126,3724508000
2020,ISR,4164609.3659999995,7406477000
2020,ITA,24830100,37590976000
2020,JPN,68265000,NA
2020,KOR,26904300,51192824000
2020,LTU,1368884,2472351000
2020,MEX,50656078,111819552000
2020,NLD,9524000,13353961000
2020,NZL,2691500,4551009000
2020,NOR,2792000,3936000000
2020,POL,16831900,33546957000.000004
2020,PRT,4884370,8594651000
2020,SVK,2399070,3771291000
2020,SVN,1038441,1591772000
2020,ESP,19567000,30576946000
2020,SWE,5152700,8085970000
2020,CHE,5076207.495,7608207000
2020,USA,149978000,260316000000
2020,BRA,99254676,NA
2020,BGR,3406125,5480723000
2020,HRV,1611034.123,3182677000
2020,CYP,439859,759995000
2020,MLT,259310,497519000
2020,MKD,773482,NA
2020,ROU,8472100,14879402000
2020,ZAF,15061297.811,NA
2021,AUT,4565573,7028656000
2021,CHL,8286511.459,NA
2021,CRI,2007123,4175946000
2021,CZE,5279240,9088648000
2021,EST,638750.924,1090255000
2021,FIN,2649700,4174899999.9999995
2021,GRC,4865559,9515148000
2021,ISR,4221305.4229999995,7925007000
2021,ITA,25069400,41440389000
2021,JPN,68207000,NA
2021,KOR,27272800,51948312000
2021,LVA,904312,1651803000
2021,LTU,1386615,2541613000
2021,LUX,485132,715850000
2021,MEX,54825454,121507720000
2021,NLD,9690000,13974568000
2021,NOR,2824000,4026000000
2021,POL,17317500,35459696000
2021,PRT,4952928,8980701000
2021,SVK,2385118,3772064000
2021,SVN,1051923,1676287000
2021,ESP,20072500,32787923000.000004
2021,SWE,5217900,8296400000
2021,CHE,5108492.841999999,7828655000
2021,USA,154764000,272156000000
2021,BRA,105065178,NA
2021,BGR,3408422,5523904000
2021,HRV,1630561.486,3212856000
2021,MLT,266732,511981000
2021,ROU,8535800,15565325000
2021,ZAF,14690760,NA
2022,AUT,4683756,7199909000
2022,CHL,8828856.745,NA
2022,CRI,2123218,4577080000
2022,CZE,5333082,9489719000
2022,EST,668083.348,1123668000
2022,FIN,2742800,4281399999.9999995
2022,IRL,2594526,4365419000
2022,ISR,4486958.659,8484173000.000001
2022,JPN,68312000,NA
2022,KOR,28089100,53251113000
2022,LVA,906068,1689057000
2022,LTU,1454983,2676274000
2022,MEX,56966510,126829320000
2022,POL,17512000,35672052000
2022,PRT,5137904,9536365000
2022,SVK,2427297,3908108000
2022,SVN,1082438,1742990000
2022,SWE,5400100,8554590000
2022,USA,160415000,282005000000
2022,BGR,3444404,5576439000
2022,HRV,1665858.319,3270797000
2022,MLT,283423,531982999.99999994
2022,ZAF,15543990.587,NA
2023,AUT,4722981,7268168000
2023,CHL,9044214.571,NA
2023,CRI,2071864.9999999998,4502290000
2023,CZE,5387917,9558966000
2023,EST,689516.095,1162643000
2023,IRL,2684205,4439802000
2023,ISR,4621256.356,8691726000
2023,KOR,28416300,53049566000
2023,LVA,907418,1686308000
2023,LTU,1475804,2740305000
2023,MEX,58520115,129132144000
2023,SVK,2434058,3953967000
2023,SVN,1100185,1746628000
2023,BGR,3481414,5776808000
1995,EA20,132532987.49999999,222398243000
1998,BEL,3973900,6255707000
1998,LVA,973379,2070219000
2001,BEL,4166000,6587459000
2001,LVA,938697,2009850000
2002,CAN,15579245,27367907000
2003,BEL,4171600.0000000005,6667134000
2004,BEL,4212800,6689095000
2005,BEL,4273200,6741727000
2006,HUN,4138551.0000000005,7508804000
2007,BEL,4393400,7001575000
2008,BEL,4471600,7076330000
2010,BEL,4496800,7096821000
2010,HUN,3925603,6936071000
2011,BEL,4552200,7259376000
2011,HUN,3921944,6879959000
2011,KOR,24526500,52244976000
2011,LVA,856224,1671254000
2012,BEL,4563200,7267008000
2012,HUN,3958722,6883326000
2012,KOR,24954800,52734315000
2013,BEL,4552700,7245650000
2013,HUN,4017937,6966856000
2014,BEL,4569200,7255526000
2014,HUN,4196247,7338997000
2015,BEL,4607500,7289553000
2015,COL,20859984,49977000000
2015,LVA,889000,1690648000
2016,BEL,4665200,7381226000
2016,COL,20930863,50071000000
2016,HUN,4441587,7820399000
2017,BEL,4734800,7501742000
2017,COL,21127950,50209000000
2017,HUN,4519530,7892955000
2018,BEL,4804400,7626984000
2018,COL,21271706,50753000000
2019,BEL,4880300,7747014000
2019,COL,21309813,50773000000
2020,COL,19049126,39421000000
2020,LVA,915930,1644981000
2021,BEL,4957300,7688716000
2022,BEL,5052800,8033855000
2022,CHE,5185382,7965499000
2023,CHE,5301752.584,8106017000
1981,FRA,22593000,39652423000
1983,FRA,22638000,37689254000
1984,FRA,22528000,37323620000
1985,FRA,22487000,36496099000
1986,FRA,22601000,36586142000
1987,FRA,22805000,37181322000
1988,FRA,23030000,37766285000
1989,FRA,23434000,38097787000
1990,FRA,23650000,38363510000
1991,FRA,23711000,38281710000
1992,FRA,23571000,37969330000
1993,FRA,23342000,37397789000
1994,FRA,23471000,37544923000
1997,FRA,24040000,37836247000
1999,FRA,25058000,39107296000
2000,FRA,25690000,39617701000
2001,FRA,26059000,39691245000
2003,FRA,26197000,39121543000
2004,FRA,26232000,39800789000
2005,FRA,26413000,40110465000
2006,FRA,26702000,40142836000
2007,FRA,27089000,41320197000
2008,FRA,27228000,41711103000
2009,FRA,26922000,40922261000
2010,FRA,26948000,41177446000
2012,FRA,27253000,41639912000
2013,FRA,27305000,41306925000
2015,FRA,27521000,41400748000
2016,FRA,27720000,41784943000
2017,FRA,28047000,41847290000
2018,FRA,28328000,42482169000
2020,FRA,28645000,39840947000
2021,FRA,29395000,43169828000
2002,FRA,26188000,39012782000
2023,NOR,2968000,4191000000
1980,AUT,3484859.591,NA
1981,AUT,3462538.3940000003,NA
1982,AUT,3423726.96,NA
1983,AUT,3414180.507,NA
1984,AUT,3409578.0289999996,NA
1985,AUT,3416524.547,NA
1986,AUT,3419345.773,NA
1987,AUT,3432528.492,NA
1988,AUT,3444921.6689999998,NA
1989,AUT,3489315.068,NA
1990,AUT,3560207.801,NA
1991,AUT,3604172.996,NA
1992,AUT,3620388.423,NA
1993,AUT,3600805.672,NA
1994,AUT,3600070.892,NA
1991,CHE,4037462.381,6919000000
1992,CHE,3978437.671,6856000000
1993,CHE,3945842.943,6785000000
1994,CHE,3918427.92,6823000000
1980,ITA,21206153.404,38858812000
1981,ITA,21188988.455,38958679000
1982,ITA,21232347.314999998,39277483000
1983,ITA,21300808.672,39388837000
1984,ITA,21299618.039,39168656000
1985,ITA,21501231.775,39465134000
1986,ITA,21649167.838,39916971000
1987,ITA,21698579.077999998,40417795000
1988,ITA,21931446.912,40930915000
1989,ITA,22081168.923,40864512000
1990,ITA,22433000.767,41278403000
1991,ITA,22852797.871,41894068000
1992,ITA,22686803.885,41660557000
1993,ITA,22077398.588,40538501000
1994,ITA,21714156.518,39741178000
1980,SWE,4330257.284,6603439000
1981,SWE,4337178.855,6577385000
1982,SWE,4329035.83,6626536000
1983,SWE,4338909.248,6682206000
1984,SWE,4375043.923,6747434000
1985,SWE,4420135.926,6834920000
1986,SWE,4447415.0600000005,6868240000
1987,SWE,4482939.008,6968702000
1988,SWE,4544520.636999999,7153845000
1989,SWE,4610784.506,7252834000
1990,SWE,4653331.813,7302568000
1991,SWE,4583607.159,7132017000
1992,SWE,4379624.375,6892156000
1994,GBR,25529340.245,43951088000
1999,POL,14853600,31197575000
1980,JPN,58959392.638,NA
1981,JPN,59408666.407,NA
1982,JPN,59894123.297,NA
1983,JPN,60800711.527,NA
1984,JPN,61007759.393,NA
1985,JPN,61338432.927,NA
1986,JPN,61652019.986999996,NA
1987,JPN,61896256.062,NA
1987,NLD,6324711.853,NA
1988,JPN,62614893.074,NA
1988,NLD,6439060.966,NA
1989,JPN,63537562.691,NA
1989,NLD,6611938.052,NA
1990,JPN,64597929.191,NA
1990,NLD,6813649.732,NA
1991,JPN,65911577.546000004,NA
1991,NLD,6944424.488,NA
1992,JPN,66655341.725999996,NA
1992,NLD,7042105.227,NA
1993,JPN,66907618.495000005,NA
1993,NLD,7071710.386,NA
1994,NLD,7120758.046,NA
1993,CZE,5015522.6389999995,NA
1994,CZE,5071412.219,NA
1986,IDN,65384391,NA
1987,IDN,67578960,NA
1988,IDN,69518618,NA
1989,IDN,70426724,NA
1990,IDN,73104538,NA
1991,IDN,73911624,NA
1992,IDN,75891561,NA
1993,IDN,76718265,NA
1994,IDN,79687230,NA
1996,IDN,83552361,NA
1997,IDN,85047007,NA
1998,IDN,87292541,NA
1999,IDN,88816859,NA
2000,IDN,89837730,NA
2001,IDN,90807417,NA
2002,IDN,91647166,NA
2003,IDN,92810791,NA
2004,IDN,93722036,NA
2005,IDN,93958387,NA
2006,IDN,95456935,NA
2007,IDN,99930217,NA
2008,IDN,102552750,NA
2009,IDN,104870663,NA
2010,IDN,108207767,NA
2011,IDN,107416309,NA
2012,IDN,112504868,NA
2013,IDN,112761072,NA
2014,IDN,114628026,NA
2015,IDN,114819199,NA
2016,IDN,118411973,NA
2017,IDN,121022423,NA
1980,NLD,6060232.175,NA
1981,NLD,6033140.822000001,NA
1982,NLD,5942816.685,NA
1983,NLD,5890157.271,NA
1984,NLD,5938373.735,NA
1985,NLD,6049566.954,NA
1986,NLD,6192157.352999999,NA
1980,GBR,24994515.439,NA
1981,BEL,3733963.372,NA
1981,GBR,24177960.812000003,NA
1982,BEL,3685556.68,NA
1982,GBR,23739201.256,NA
1983,BEL,3637749.6930000004,NA
1983,GBR,23693016.038999997,NA
1984,BEL,3636009.04,NA
1984,GBR,24225993.437000003,NA
1985,BEL,3653785.474,NA
1985,LUX,162068.691,NA
1985,GBR,24480012.128,NA
1986,BEL,3677203.157,NA
1986,LUX,165891.541,NA
1986,GBR,24561298.109,NA
1987,BEL,3703686.89,NA
1987,LUX,170418.599,NA
1987,GBR,25119215.523,NA
1988,BEL,3775746.106,NA
1988,LUX,175549.26499999998,NA
1988,GBR,26017979.834999997,NA
1989,BEL,3833890.175,NA
1989,LUX,181585.343,NA
1989,NZL,1517468.447,NA
1989,GBR,26757867.003,NA
1990,BEL,3875719.273,NA
1990,EST,830800,NA
1990,LUX,189231.04200000002,NA
1990,NZL,1484197.213,NA
1990,GBR,26881643.382999998,NA
1991,BEL,3888121.554,NA
1991,EST,807200,NA
1991,LUX,196776.139,NA
1991,NZL,1500582.6709999999,NA
1991,GBR,26103884.338,NA
1992,BEL,3883175.7600000002,NA
1992,EST,759100,NA
1992,LUX,202208.609,NA
1992,NZL,1458806.0089999998,NA
1992,GBR,25521950.611,NA
1993,BEL,3858184.736,NA
1993,EST,698800,NA
1993,LUX,205830.256,NA
1993,NZL,1473565.428,NA
1993,GBR,25329820.11,NA
1994,BEL,3841819.37,NA
1994,EST,675400,NA
1994,LUX,211363.327,NA
1994,NZL,1549864.122,NA
1994,SVK,2103093.817,NA
1995,NZL,1610152.598,NA
1996,NZL,1665437.881,NA
1997,NZL,1667564.238,NA
1998,NZL,1709841.2189999998,NA
1999,NZL,1763875.7040000001,NA
2000,NZL,1759748.07,NA
2001,NZL,1806027.605,NA
2002,NZL,1860187.17,NA
2003,NZL,1911720.0580000002,NA
2004,KOR,22681900,NA
2004,NZL,1973884.7310000001,NA
2005,KOR,22831000,NA
2005,NZL,2058688.8530000001,NA
2006,KOR,23188100,NA
2006,NZL,2104843.309,NA
2007,KOR,23561100,NA
2007,NZL,2126982.438,NA
2008,KOR,23774800,NA
2008,NZL,2178265.167,NA
2009,KOR,23687600,NA
2010,KOR,24032800,NA
2009,BEL,4465700,6985087000
2019,HRV,1627218.1539999999,3247530000
2010,CRI,1837449,4132910000
2003,POL,13606100,28357454000
2010,POL,15370300,31490671000
2019,POL,16798900,33806733000
2021,CYP,445358,796656000
2021,DEU,45053000,60455663000
2022,CYP,458085,829361000
2022,DEU,45675000,61210860000
2022,GRC,4983638,9892997000
2022,ESP,20773600,34347896000
2023,GRC,5044043,10073107000
2023,DEU,46011000,61437337000
2023,ROU,8471100,15467524000
2023,BEL,5092400,8113664000
2023,ESP,21399200,35051640000
1991,ISL,131300,229489000
1992,ISL,132000,231355000
1993,ISL,131800,231498000
1994,ISL,131700,232348000
1995,ISL,135700,235261000
1996,ISL,135500,238315000
1997,ISL,138700,240916000
1998,ISL,140800,245150000
1999,ISL,144300,251424000
2000,ISL,148400,256541000
2001,ISL,150000,257164000
2002,ISL,148000,253741000
2003,ISL,149100,250851000
2004,ISL,150100,253197000
2005,ISL,161600,260959000
2006,ISL,170300,270496000
2007,ISL,178100,276745000
2008,ISL,179300,291399000
2009,ISL,164600,252889000
2010,ISL,162500,248276000
2011,ISL,164300,252641000
2012,ISL,167400,254961000
2013,ISL,171300,261084000
2014,ISL,175500,265608000
2015,ISL,180500,272808000
2016,ISL,188700,286823000
2017,ISL,196700,296442000
2018,ISL,202600,303182000
2019,ISL,202400,299582000
2020,ISL,192800,282341000
2021,ISL,195500,285506000
2022,ISL,209400,305701000
2023,ISL,218300,316970000
1992,HUN,4407871.295,NA
1993,HUN,4131481.8830000004,NA
1994,HUN,4050292.494,NA
2002,ROU,9573900,17876158000
1998,IRL,1593113,3054657000
2023,HRV,1703037.391,3361875000
2023,COL,22788394,51330000000
2023,FRA,30395000,45685815000
2023,NLD,10166000,14710313000
2023,PRT,5191780,9718709000
2024,FRA,30623000,46218348000
2024,ISL,223100,319950000
2024,ESP,21873600,35731204000
2024,BEL,5108900,8139723000
2024,DEU,46081000,61354593000
2024,GRC,5105691,10224001000
2024,HUN,4764215,7950008000
2024,LUX,517744,760639000
2024,POL,17404900,34804623000
2024,BGR,3518677,5718824000
2024,ROU,8627300,15778648000
2024,HRV,1806899.145,3534060000
2024,PRT,5274758,9764964000
2024,NLD,10266000,14906025000
2022,AUS,14161598.817,23076399000
2022,COL,22032180,50280000000
2022,ITA,25550400,43212191000
2022,NOR,2929000,4166000000
2022,NLD,10000000,14511190000
2023,ITA,26039300,44303815000
2023,AUS,14510003.527,23384839000
2023,JPN,68553000,NA
2023,USA,163124000,285643000000
2024,AUT,4725179,7190268000
2024,NOR,2984000,4202000000
2024,EST,690871.544,1168823000
2024,ITA,26467600,45237093000
1994,AUS,8321605.116,14504505000
1995,AUS,8512718.331,14856846000
1996,AUS,8561399.251,14921123000
1997,AUS,8693668.136,15057116000
1998,AUS,8849893.44,15223550000
1999,AUS,9047897.752,15698522000
2000,AUS,9233684.810999999,15813232000
2001,AUS,9346648.259,15834914000
2002,AUS,9569564.73,16183126000
2003,AUS,9750882.304000001,16410216000
2004,AUS,10026415.277,16869868999.999998
2005,AUS,10279143.102,17202136000
2006,AUS,10602872.484,17713650000
2007,AUS,10910005.066,18266386000
2008,AUS,11054960.84,18450843000
2009,AUS,11172778.52,18453009000
2010,AUS,11437786.67,18961400000
2011,AUS,11570854.908,19202147000
2012,AUS,11712377.297,19323149000
2013,AUS,11760666.423,19434326000
2014,AUS,11904852.095,19603954000
2015,AUS,12157895.087000001,19949721000
2016,AUS,12324251.406,20257602000
2017,AUS,12689491.161,20772345000
2018,AUS,12981969.913,21204351000
2019,AUS,13007425.4,20854970000
2020,AUS,13059242.005,20906111000
2021,AUS,13507122.276,21472208000
2021,COL,20391742,46647000000
1997,CAN,14036080,25286718000
1998,CAN,14352050,25785716000
2010,CAN,17372215,29788360000
2011,CAN,17651855,30200485000
2012,CAN,17873360,30758606000
2013,CAN,18116630,31046226000
2014,CAN,18166715,31054824000
2015,CAN,18329815,31350842000
2016,CAN,18481830,31503244000
2017,CAN,18897075,32007088000
2018,CAN,19249000,32795288000
2019,CAN,19678055,33315701999.999996
2020,CAN,17716895,29370976000
2021,CAN,19179560,32426505000
2022,CAN,20095405,34023093000
2023,CAN,20772775,35183990000
2024,CAN,21151880,35903402000
2002,IRL,1849256,3430950000
2009,IRL,2013432,3378440000
2011,IRL,1885853,3174586000
2017,IRL,2197907,3836103000
2021,IRL,2426530,4004754000
2018,LUX,447353,670510000
2019,LUX,463326,691879000
2020,LUX,471583,654552000
2004,ROU,9187500,17332959000
2021,DNK,3038181,4219497999.9999995
2021,NZL,2758200,4638655000
2022,DNK,3161156,4379839000
2022,LUX,501248,737629000
2022,NZL,2829200,4856654000
2022,ROU,8599500,15500263000
2019,GBR,32918729,54872596000
2020,GBR,32554923,48471039000
2021,GBR,32551369,52527025000
2022,GBR,32955659,54526677000
1995,HUN,3911450,7625271000
1996,HUN,3904379,7603972000
1998,HUN,3980964,7748569000
2000,HUN,4085740,7900315000
2001,HUN,4094877,7775515000
2002,HUN,4089888,7707949000
2003,HUN,4169904.9999999995,7743902000
2004,HUN,4131145.9999999995,7680649000
2005,HUN,4101892,7525227000
2007,HUN,4113912.0000000005,7356128000
2008,HUN,4032228,7224384000
2009,HUN,3957494,6959856000
2018,HUN,4597511,7954225000
2019,HUN,4639628,7986967000
2020,HUN,4589726,7608212000
2021,HUN,4673514,7893401000
2022,HUN,4744217,8057313000
2023,DNK,3195965,4392376000
2023,FIN,2768600,4285600000.0000005
2023,HUN,4757293,7936119000
2023,LUX,512010,750646000
2023,NZL,2910900,4959822000
2023,SWE,5466000,8644860000
2023,GBR,33348733.999999996,54893138000
2023,ZAF,16501611.810999999,NA
2023,POL,17528900,35480177000
2018,LVA,903880,1716871000
2019,LVA,922191,1751075000
2024,IRL,2756367,4532889000
2024,CHE,5340370.906,8117327000
2024,COL,23036043,NA
2024,CZE,5404221,9569302000
2024,DNK,3217364,4412710000
2024,FIN,2739000,4247000000
2024,ISR,4650625.794,8729382000
2024,LVA,898997,1682404000
2024,LTU,1501382,2820596000
2024,SVK,2430290,3955660000
2024,SVN,1101751,1765192000
2024,SWE,5449300,8617000000
2024,GBR,33612740,55890803000
2024,ZAF,16855274.49,NA
2019,EA20,162756642.48099998,255159570000
2018,EA20,160618037.146,252412025000
2020,EA20,160425367.532,234801448000
2021,EA20,162919487.411,249230779000
2022,EA20,166804322.667,258209851000
2023,EA20,169198751.73700002,261960094000
2024,EA20,170877214.688,264775944000.00003
1997,EA20,134644301,225104672000
1998,EA20,137055672.75,229278690000
1999,EA20,139696265,232904393000
2000,EA20,142851150.5,236145825000
2001,EA20,144527268.75,237780355000
2002,EA20,145684028.5,237864614000
2003,EA20,146373965,238204457000
2004,EA20,147492383.75,240725548000
2005,EA20,148967119.25,242488655000
2006,EA20,151597228.25,246866871000
2007,EA20,154472329.75,252038115000
2008,EA20,155796469.5,253665761000
2009,EA20,152859734.5,244997209000
2010,EA20,151998274.25,244100105000
2011,EA20,152185618.75,244369484000
2012,EA20,151540514.25,240593582000
2013,EA20,150799170.5,237832489000
2014,EA20,151918399.75,239412565000
2015,EA20,153346112.5,241539773000
2016,EA20,155551201.25,245452568000
2017,EA20,158004032,248140056000
1997,EU27_2020,180462696,311421626000
1999,EU27_2020,184661979,317955013000
2009,EU27_2020,197856871.5,327350032000
2015,EU27_2020,198467140.5,323587407000
2020,EU27_2020,207075998.532,317129800000
2021,EU27_2020,210391088.411,335279364000
2022,EU27_2020,214997945.667,345437434000
2023,EU27_2020,217493748.737,349243638000
2024,EU27_2020,219275061.688,351666674000
1995,EU27_2020,178262067.5,307886995000
1996,EU27_2020,178989815.75,309301286000
1998,EU27_2020,182727162.75,315239824000
2000,EU27_2020,187426275.5,319954259000
2001,EU27_2020,188755348.75,320298412000
2002,EU27_2020,188439809.5,317383428000
2003,EU27_2020,189055071,317045527000
2004,EU27_2020,189950363.75,319899657000
2005,EU27_2020,191887021.25,322190249000
2006,EU27_2020,195524605.25,327944000000
2007,EU27_2020,199550866.75,335116418000
2008,EU27_2020,201498421.5,338114640000
2010,EU27_2020,196017815.25,325032838000
2011,EU27_2020,196082831.75,325106468000
2012,EU27_2020,195569445.25,320867685000
2013,EU27_2020,194853062.5,317914393000
2014,EU27_2020,196609880.75,320738628000
2016,EU27_2020,201062474.25,328683351000
2017,EU27_2020,204309572,332098447000
2018,EU27_2020,207286724.146,336466531000
2019,EU27_2020,209887299.481,340283183000
1995,FRA,23712000,37443134000
2011,FRA,27156000,41649168000
2022,FRA,30064000,45035896000
