Entity,Code,Year,Oil proved reserves - BBL
Africa,,1980,7288741328
Africa,,1981,7676833837.2
Africa,,1982,7948134392
Africa,,1983,7916486454.799999
Africa,,1984,7879361784.8
Africa,,1985,7779898632
Africa,,1986,7906570174.8
Africa,,1987,8001712039.2
Africa,,1988,8047157245.6
Africa,,1989,8059402010
Africa,,1990,8010200484
Africa,,1991,8234738481.2
Africa,,1992,8331186512
Africa,,1993,8352190748
Africa,,1994,8867138939.999998
Africa,,1995,9814379652
Africa,,1996,10220756990.4
Africa,,1997,10265298956
Africa,,1998,10526300356
Africa,,1999,11555742528
Africa,,2000,12672164797.599998
Africa,,2001,13177269820
Africa,,2002,13858436416
Africa,,2003,14529919976
Africa,,2004,14717946012
Africa,,2005,15242563600
Africa,,2006,16037847892
Africa,,2007,16373192748
Africa,,2008,16470475956
Africa,,2009,16773584718
Africa,,2010,17042923568
Africa,,2011,16998444210
Africa,,2012,17373146604
Africa,,2013,17393921142.4
Africa,,2014,17289606378
Africa,,2015,17408455790
Africa,,2016,17443046148
Africa,,2017,17270690562.399998
Africa,,2018,17146348868
Africa,,2019,17053803514
Africa,,2020,17065269434.4
Africa (EI),,1980,7288741328
Africa (EI),,1981,7676833837.2
Africa (EI),,1982,7948134392
Africa (EI),,1983,7916486454.799999
Africa (EI),,1984,7879361784.8
Africa (EI),,1985,7779899177.6
Africa (EI),,1986,7906570174.8
Africa (EI),,1987,8001712312
Africa (EI),,1988,8047157245.6
Africa (EI),,1989,8059402010
Africa (EI),,1990,8010200484
Africa (EI),,1991,8234738481.2
Africa (EI),,1992,8331186784.8
Africa (EI),,1993,8352191293.6
Africa (EI),,1994,8867138939.999998
Africa (EI),,1995,9814379652
Africa (EI),,1996,10220756990.4
Africa (EI),,1997,10265298956
Africa (EI),,1998,10526300356
Africa (EI),,1999,11555742528
Africa (EI),,2000,12672164797.599998
Africa (EI),,2001,13177269820
Africa (EI),,2002,13858436416
Africa (EI),,2003,14529919976
Africa (EI),,2004,14717947376
Africa (EI),,2005,15242563600
Africa (EI),,2006,16037847892
Africa (EI),,2007,16373192748
Africa (EI),,2008,16470475956
Africa (EI),,2009,16773584036
Africa (EI),,2010,17042923568
Africa (EI),,2011,16998444210
Africa (EI),,2012,17373146604
Africa (EI),,2013,17393921142.4
Africa (EI),,2014,17289606378
Africa (EI),,2015,17408455790
Africa (EI),,2016,17443046148
Africa (EI),,2017,17270691108
Africa (EI),,2018,17146348868
Africa (EI),,2019,17053803514
Africa (EI),,2020,17065269980
Algeria,DZA,1980,1118480000
Algeria,DZA,1981,1102112000
Algeria,DZA,1982,1287616000
Algeria,DZA,1983,1257608000
Algeria,DZA,1984,1227600000
Algeria,DZA,1985,1203048000
Algeria,DZA,1986,1200320000
Algeria,DZA,1987,1168129600
Algeria,DZA,1988,1254880000
Algeria,DZA,1989,1259790400
Algeria,DZA,1990,1254880000
Algeria,DZA,1991,1254880000
Algeria,DZA,1992,1254880000
Algeria,DZA,1993,1254880000
Algeria,DZA,1994,1361135600
Algeria,DZA,1995,1361135600
Algeria,DZA,1996,1473120000
Algeria,DZA,1997,1527680000
Algeria,DZA,1998,1543229600
Algeria,DZA,1999,1543229600
Algeria,DZA,2000,1543229600
Algeria,DZA,2001,1543229600
Algeria,DZA,2002,1543229600
Algeria,DZA,2003,1609520000
Algeria,DZA,2004,1609520000
Algeria,DZA,2005,1673628000
Algeria,DZA,2006,1673628000
Algeria,DZA,2007,1664080000
Algeria,DZA,2008,1664080000
Algeria,DZA,2009,1664080000
Algeria,DZA,2010,1664080000
Algeria,DZA,2011,1664080000
Algeria,DZA,2012,1664080000
Algeria,DZA,2013,1664080000
Algeria,DZA,2014,1664080000
Algeria,DZA,2015,1664080000
Algeria,DZA,2016,1664080000
Algeria,DZA,2017,1664080000
Algeria,DZA,2018,1664080000
Algeria,DZA,2019,1664080000
Algeria,DZA,2020,1664080000
Angola,AGO,1980,187550000
Angola,AGO,1981,151131200
Angola,AGO,1982,198734800
Angola,AGO,1983,233926000
Angola,AGO,1984,292850800
Angola,AGO,1985,275255200
Angola,AGO,1986,190960000
Angola,AGO,1987,272800000
Angola,AGO,1988,272800000
Angola,AGO,1989,282893600
Angola,AGO,1990,221650000
Angola,AGO,1991,197780000
Angola,AGO,1992,181957600
Angola,AGO,1993,259296400
Angola,AGO,1994,404426000
Angola,AGO,1995,426250000
Angola,AGO,1996,503998000
Angola,AGO,1997,531960000
Angola,AGO,1998,549692000
Angola,AGO,1999,688820000
Angola,AGO,2000,814580800
Angola,AGO,2001,886600000
Angola,AGO,2002,1213960000
Angola,AGO,2003,1200456400
Angola,AGO,2004,1232374000
Angola,AGO,2005,1234420000
Angola,AGO,2006,1272612000
Angola,AGO,2007,1295800000
Angola,AGO,2008,1295800000
Angola,AGO,2009,1295800000
Angola,AGO,2010,1235102000
Angola,AGO,2011,1235102000
Angola,AGO,2012,1235102000
Angola,AGO,2013,1229100400
Angola,AGO,2014,1148897200
Angola,AGO,2015,1299073600
Angola,AGO,2016,1298937200
Angola,AGO,2017,1143577600
Angola,AGO,2018,1113024000
Angola,AGO,2019,1061601200
Angola,AGO,2020,1061601200
Argentina,ARG,1980,335134800
Argentina,ARG,1981,296213332.8
Argentina,ARG,1982,265925440
Argentina,ARG,1983,334148491.59999996
Argentina,ARG,1984,320403600
Argentina,ARG,1985,305536000
Argentina,ARG,1986,304581200
Argentina,ARG,1987,306354400
Argentina,ARG,1988,310978360
Argentina,ARG,1989,295674280
Argentina,ARG,1990,214146226.8
Argentina,ARG,1991,229597550.6
Argentina,ARG,1992,275178543.2
Argentina,ARG,1993,302369746.8
Argentina,ARG,1994,307259127.56
Argentina,ARG,1995,325500431.52
Argentina,ARG,1996,354699238.52
Argentina,ARG,1997,357528679.2
Argentina,ARG,1998,375565792.36
Argentina,ARG,1999,418910138.68
Argentina,ARG,2000,405613089.2
Argentina,ARG,2001,392652347.56
Argentina,ARG,2002,384717359.4
Argentina,ARG,2003,364803068.52
Argentina,ARG,2004,338000454.88
Argentina,ARG,2005,297387845.92
Argentina,ARG,2006,352834064
Argentina,ARG,2007,356825182.56
Argentina,ARG,2008,343770052.12
Argentina,ARG,2009,342568095.32
Argentina,ARG,2010,344294305.52
Argentina,ARG,2011,344410000
Argentina,ARG,2012,321114162.15999997
Argentina,ARG,2013,317755271.24
Argentina,ARG,2014,324592307.6
Argentina,ARG,2015,326640353.6
Argentina,ARG,2016,294925307.59999996
Argentina,ARG,2017,275086746
Argentina,ARG,2018,325567431.20000005
Argentina,ARG,2019,338641303
Argentina,ARG,2020,338641303
Asia,,1980,53722701780
Asia,,1981,54164204028
Asia,,1982,57338446176
Asia,,1983,58654639340
Asia,,1984,63431694700
Asia,,1985,63613978296
Asia,,1986,78021325140.00002
Asia,,1987,82064309800
Asia,,1988,93846937359.99998
Asia,,1989,94229198360
Asia,,1990,94267792740
Asia,,1991,95740524000
Asia,,1992,95773621460
Asia,,1993,95854167024
Asia,,1994,96006299400
Asia,,1995,95950566360
Asia,,1996,97456149560
Asia,,1997,98868537460
Asia,,1998,99285328120
Asia,,1999,99038253160
Asia,,2000,100579300360
Asia,,2001,101004682856
Asia,,2002,107689395880
Asia,,2003,108852137680
Asia,,2004,109814762948
Asia,,2005,110574978800
Asia,,2006,110838858240
Asia,,2007,113368205280
Asia,,2008,113736130640
Asia,,2009,113770612560
Asia,,2010,115714062948
Asia,,2011,120081176292
Asia,,2012,120346074640
Asia,,2013,120916663120
Asia,,2014,120958101440
Asia,,2015,120789538320
Asia,,2016,121355257320
Asia,,2017,124966024480
Asia,,2018,124918332220
Asia,,2019,125134860400
Asia,,2020,125099812420
Asia Pacific (EI),,1980,4579380388
Asia Pacific (EI),,1981,4699190874.4
Asia Pacific (EI),,1982,4692007777.6
Asia Pacific (EI),,1983,4854382429.6
Asia Pacific (EI),,1984,5025856462
Asia Pacific (EI),,1985,5061223345.2
Asia Pacific (EI),,1986,5149181158
Asia Pacific (EI),,1987,5179581308
Asia Pacific (EI),,1988,5207986608
Asia Pacific (EI),,1989,4487755052
Asia Pacific (EI),,1990,4727068852
Asia Pacific (EI),,1991,5021938372
Asia Pacific (EI),,1992,4948725672
Asia Pacific (EI),,1993,4988191648
Asia Pacific (EI),,1994,4989738424
Asia Pacific (EI),,1995,4966085300
Asia Pacific (EI),,1996,4971223897.2
Asia Pacific (EI),,1997,5154204088
Asia Pacific (EI),,1998,5385556902
Asia Pacific (EI),,1999,5050582781.2
Asia Pacific (EI),,2000,5138479077.6
Asia Pacific (EI),,2001,5295668210.8
Asia Pacific (EI),,2002,5312579764.8
Asia Pacific (EI),,2003,5272343538
Asia Pacific (EI),,2004,5663246160
Asia Pacific (EI),,2005,5655669958.4
Asia Pacific (EI),,2006,5838659833.6
Asia Pacific (EI),,2007,5903209769.599999
Asia Pacific (EI),,2008,6267890173.6
Asia Pacific (EI),,2009,6355803247.2
Asia Pacific (EI),,2010,6517699408
Asia Pacific (EI),,2011,6527100368.8
Asia Pacific (EI),,2012,6618438992
Asia Pacific (EI),,2013,6697413637.2
Asia Pacific (EI),,2014,6501325542.8
Asia Pacific (EI),,2015,6352837365.6
Asia Pacific (EI),,2016,6262079806.4
Asia Pacific (EI),,2017,6245246273.2
Asia Pacific (EI),,2018,6261606225.6
Asia Pacific (EI),,2019,6185594052
Asia Pacific (EI),,2020,6159649680.799999
Australia,AUS,1980,289551420.4
Australia,AUS,1981,357156348.12
Australia,AUS,1982,399795451.88
Australia,AUS,1983,339740346
Australia,AUS,1984,349177589.20000005
Australia,AUS,1985,335450702.4
Australia,AUS,1986,392074093.4
Australia,AUS,1987,396363750.64
Australia,AUS,1988,434970597.6
Australia,AUS,1989,422959595.52
Australia,AUS,1990,430680954
Australia,AUS,1991,440118197.2
Australia,AUS,1992,439260268.48
Australia,AUS,1993,444407840.8
Australia,AUS,1994,520763633.28
Australia,AUS,1995,518189847.12
Australia,AUS,1996,520763633.28
Australia,AUS,1997,550791152.12
Australia,AUS,1998,651169003.3199999
Australia,AUS,1999,646879387
Australia,AUS,2000,674333146.96
Australia,AUS,2001,676049004.4
Australia,AUS,2002,623715243.36
Australia,AUS,2003,511423343.2
Australia,AUS,2004,530495132.2
Australia,AUS,2005,507181712.40000004
Australia,AUS,2006,479380487.08000004
Australia,AUS,2007,467710089.44000006
Australia,AUS,2008,578226961.84
Australia,AUS,2009,553974960
Australia,AUS,2010,522559271.08
Australia,AUS,2011,528269643.44
Australia,AUS,2012,534956367
Australia,AUS,2013,539802809.04
Australia,AUS,2014,326042648.8
Australia,AUS,2015,326042648.8
Australia,AUS,2016,326042648.8
Australia,AUS,2017,326042648.8
Australia,AUS,2018,326042648.8
Australia,AUS,2019,326042648.8
Australia,AUS,2020,326042648.8
Azerbaijan,AZE,1991,171045600
Azerbaijan,AZE,1992,171045600
Azerbaijan,AZE,1993,171045600
Azerbaijan,AZE,1994,157814800
Azerbaijan,AZE,1995,157814800
Azerbaijan,AZE,1996,157814800
Azerbaijan,AZE,1997,157814800
Azerbaijan,AZE,1998,157814800
Azerbaijan,AZE,1999,160679200
Azerbaijan,AZE,2000,160679200
Azerbaijan,AZE,2001,160679200
Azerbaijan,AZE,2002,954800000
Azerbaijan,AZE,2003,954800000
Azerbaijan,AZE,2004,954800000
Azerbaijan,AZE,2005,954800000
Azerbaijan,AZE,2006,954800000
Azerbaijan,AZE,2007,954800000
Azerbaijan,AZE,2008,954800000
Azerbaijan,AZE,2009,954800000
Azerbaijan,AZE,2010,954800000
Azerbaijan,AZE,2011,954800000
Azerbaijan,AZE,2012,954800000
Azerbaijan,AZE,2013,954800000
Azerbaijan,AZE,2014,954800000
Azerbaijan,AZE,2015,954800000
Azerbaijan,AZE,2016,954800000
Azerbaijan,AZE,2017,954800000
Azerbaijan,AZE,2018,954800000
Azerbaijan,AZE,2019,954800000
Azerbaijan,AZE,2020,954800000
Brazil,BRA,1980,179770685.16
Brazil,BRA,1981,201304739.68
Brazil,BRA,1982,234395106.88
Brazil,BRA,1983,252317275.76000002
Brazil,BRA,1984,274983764
Brazil,BRA,1985,295723384
Brazil,BRA,1986,321687806
Brazil,BRA,1987,347923282.08
Brazil,BRA,1988,384121086.8
Brazil,BRA,1989,376441766.8
Brazil,BRA,1990,615578656
Brazil,BRA,1991,657221712.4
Brazil,BRA,1992,677327290.64
Brazil,BRA,1993,679566487.6
Brazil,BRA,1994,733073888.8000001
Brazil,BRA,1995,848823256.16
Brazil,BRA,1996,911244533.76
Brazil,BRA,1997,969250898
Brazil,BRA,1998,1003529513.8
Brazil,BRA,1999,1112111756.8
Brazil,BRA,2000,1154556163.1999998
Brazil,BRA,2001,1157381280
Brazil,BRA,2002,1337304746.8
Brazil,BRA,2003,1446056739.6000001
Brazil,BRA,2004,1533550110.4
Brazil,BRA,2005,1605736536.8
Brazil,BRA,2006,1661624800
Brazil,BRA,2007,1721890412
Brazil,BRA,2008,1746113688
Brazil,BRA,2009,1756241388
Brazil,BRA,2010,1943199412
Brazil,BRA,2011,2052804996
Brazil,BRA,2012,2088859744.4
Brazil,BRA,2013,2120261002.2
Brazil,BRA,2014,2207513013.2
Brazil,BRA,2015,1773170264.8
Brazil,BRA,2016,1723239271.6
Brazil,BRA,2017,1745091233.6000001
Brazil,BRA,2018,1832575874.8
Brazil,BRA,2019,1734271440
Brazil,BRA,2020,1626571636.8000002
Brunei,BRN,1980,176501600
Brunei,BRN,1981,204600000
Brunei,BRN,1982,197132100
Brunei,BRN,1983,208282800
Brunei,BRN,1984,200544828
Brunei,BRN,1985,196825200
Brunei,BRN,1986,201190000
Brunei,BRN,1987,218240000
Brunei,BRN,1988,163680000
Brunei,BRN,1989,157091880
Brunei,BRN,1990,153313600.00000003
Brunei,BRN,1991,156860000
Brunei,BRN,1992,154132000
Brunei,BRN,1993,170500000
Brunei,BRN,1994,162043200
Brunei,BRN,1995,153313600.00000003
Brunei,BRN,1996,148676000
Brunei,BRN,1997,144584000
Brunei,BRN,1998,139128000
Brunei,BRN,1999,177320000
Brunei,BRN,2000,167772000
Brunei,BRN,2001,158224000
Brunei,BRN,2002,150040000
Brunei,BRN,2003,143220000
Brunei,BRN,2004,152808920
Brunei,BRN,2005,150722000
Brunei,BRN,2006,163680000
Brunei,BRN,2007,147039200
Brunei,BRN,2008,147039200
Brunei,BRN,2009,150040000
Brunei,BRN,2010,150040000
Brunei,BRN,2011,150040000
Brunei,BRN,2012,150040000
Brunei,BRN,2013,150040000
Brunei,BRN,2014,150040000
Brunei,BRN,2015,150040000
Brunei,BRN,2016,150040000
Brunei,BRN,2017,150040000
Brunei,BRN,2018,150040000
Brunei,BRN,2019,150040000
Brunei,BRN,2020,150040000
CIS (EI),,1980,9138800000
CIS (EI),,1981,8593200000
CIS (EI),,1982,8593200000
CIS (EI),,1983,8593200000
CIS (EI),,1984,8593200000
CIS (EI),,1985,8593200000
CIS (EI),,1986,8320400000
CIS (EI),,1987,8047600000
CIS (EI),,1988,8047600000
CIS (EI),,1989,7979400000
CIS (EI),,1990,7965760000
CIS (EI),,1991,16865568786
CIS (EI),,1992,16865568786
CIS (EI),,1993,16719268192
CIS (EI),,1994,16723905792
CIS (EI),,1995,16523445532
CIS (EI),,1996,16568757612
CIS (EI),,1997,16501261436
CIS (EI),,1998,16512446236
CIS (EI),,1999,16378915410
CIS (EI),,2000,16378915410
CIS (EI),,2001,16267497206.4
CIS (EI),,2002,16840932900.000002
CIS (EI),,2003,17071373880
CIS (EI),,2004,16757241952
CIS (EI),,2005,16612812766
CIS (EI),,2006,16569561008
CIS (EI),,2007,19760408492
CIS (EI),,2008,19752107188
CIS (EI),,2009,19642684380
CIS (EI),,2010,19674929340
CIS (EI),,2011,19662529216
CIS (EI),,2012,19632815840
CIS (EI),,2013,19568001288
CIS (EI),,2014,19315317560
CIS (EI),,2015,19207738880
CIS (EI),,2016,19740746432
CIS (EI),,2017,19782847656
CIS (EI),,2018,19868675992
CIS (EI),,2019,19948261300
CIS (EI),,2020,19948261300
Canada,CAN,1980,5391554137.200001
Canada,CAN,1981,5479915694
Canada,CAN,1982,5498569894.4
Canada,CAN,1983,5523007864
Canada,CAN,1984,5528532746
Canada,CAN,1985,5584084646.8
Canada,CAN,1986,5606312800
Canada,CAN,1987,5619851864
Canada,CAN,1988,5656202464
Canada,CAN,1989,5632734025.6
Canada,CAN,1990,5496079094
Canada,CAN,1991,5469416576.8
Canada,CAN,1992,5406076236
Canada,CAN,1993,5387216753.6
Canada,CAN,1994,6567551425.599999
Canada,CAN,1995,6597198511.2
Canada,CAN,1996,6675774322.8
Canada,CAN,1997,6656741885.2
Canada,CAN,1998,6795869476
Canada,CAN,1999,24764846744
Canada,CAN,2000,24757104680
Canada,CAN,2001,24680345580
Canada,CAN,2002,24606561364
Canada,CAN,2003,24538762380
Canada,CAN,2004,24494173220
Canada,CAN,2005,24558016604
Canada,CAN,2006,24464969980
Canada,CAN,2007,24392961692
Canada,CAN,2008,24054127724
Canada,CAN,2009,23872074644
Canada,CAN,2010,23849269928
Canada,CAN,2011,23757726432
Canada,CAN,2012,23694876040
Canada,CAN,2013,23602320456
Canada,CAN,2014,23482077036
Canada,CAN,2015,23394279084
Canada,CAN,2016,23260062848
Canada,CAN,2017,23432386516
Canada,CAN,2018,23287872080
Canada,CAN,2019,23068637724
Canada,CAN,2020,22927151368
Chad,TCD,1980,0
Chad,TCD,1981,0
Chad,TCD,1982,0
Chad,TCD,1983,0
Chad,TCD,1984,0
Chad,TCD,1985,0
Chad,TCD,1986,0
Chad,TCD,1987,0
Chad,TCD,1988,0
Chad,TCD,1989,0
Chad,TCD,1990,0
Chad,TCD,1991,0
Chad,TCD,1992,0
Chad,TCD,1993,0
Chad,TCD,1994,0
Chad,TCD,1995,0
Chad,TCD,1996,0
Chad,TCD,1997,0
Chad,TCD,1998,0
Chad,TCD,1999,0
Chad,TCD,2000,122760000
Chad,TCD,2001,122760000
Chad,TCD,2002,122760000
Chad,TCD,2003,122760000
Chad,TCD,2004,122760000
Chad,TCD,2005,204600000
Chad,TCD,2006,204600000
Chad,TCD,2007,204600000
Chad,TCD,2008,204600000
Chad,TCD,2009,204600000
Chad,TCD,2010,204600000
Chad,TCD,2011,204600000
Chad,TCD,2012,204600000
Chad,TCD,2013,204600000
Chad,TCD,2014,204600000
Chad,TCD,2015,204600000
Chad,TCD,2016,204600000
Chad,TCD,2017,204600000
Chad,TCD,2018,204600000
Chad,TCD,2019,204600000
Chad,TCD,2020,204600000
China,CHN,1980,1821297504.3999999
China,CHN,1981,1812819085
China,CHN,1982,1808509868
China,CHN,1983,2029748349.2
China,CHN,1984,2232130348.7999997
China,CHN,1985,2330761734.4
China,CHN,1986,2340799956
China,CHN,1987,2376563081.2000003
China,CHN,1988,2357486722.7999997
China,CHN,1989,2190378036
China,CHN,1990,2185088989.6
China,CHN,1991,2116002116.8
China,CHN,1992,2072340204
China,CHN,1993,2241778466.4
China,CHN,1994,2217583016
China,CHN,1995,2230830456.8
China,CHN,1996,2243028299.6
China,CHN,1997,2321733282
China,CHN,1998,2376473057.2000003
China,CHN,1999,2061263160
China,CHN,2000,2071956920
China,CHN,2001,2102128600
China,CHN,2002,2115386680
China,CHN,2003,2110885480
China,CHN,2004,2490510822.7999997
China,CHN,2005,2489252942
China,CHN,2006,2758048920
China,CHN,2007,2832005000
China,CHN,2008,2889886612.7999997
China,CHN,2009,2948643368
China,CHN,2010,3173756154.8
China,CHN,2011,3239069930.7999997
China,CHN,2012,3331956694
China,CHN,2013,3366694909.6000004
China,CHN,2014,3432704598.4
China,CHN,2015,3495449826
China,CHN,2016,3500544775.2
China,CHN,2017,3539334480
China,CHN,2018,3572328276
China,CHN,2019,3541320054.8
China,CHN,2020,3541320054.8
Colombia,COL,1980,75020000
Colombia,COL,1981,72292000
Colombia,COL,1982,83204000
Colombia,COL,1983,87296000
Colombia,COL,1984,150040000
Colombia,COL,1985,169136000
Colombia,COL,1986,231880000
Colombia,COL,1987,260524000
Colombia,COL,1988,279620000
Colombia,COL,1989,270072000
Colombia,COL,1990,271436000
Colombia,COL,1991,257059440
Colombia,COL,1992,440831160
Colombia,COL,1993,430532960
Colombia,COL,1994,428159600
Colombia,COL,1995,402639160
Colombia,COL,1996,381647200
Colombia,COL,1997,351530080
Colombia,COL,1998,337971919.99999994
Colombia,COL,1999,312246880
Colombia,COL,2000,268967160
Colombia,COL,2001,251276080
Colombia,COL,2002,222563880
Colombia,COL,2003,210383360
Colombia,COL,2004,201544640
Colombia,COL,2005,198216480
Colombia,COL,2006,205882160
Colombia,COL,2007,205964000
Colombia,COL,2008,185776800
Colombia,COL,2009,185504000
Colombia,COL,2010,259160000
Colombia,COL,2011,271108640
Colombia,COL,2012,300080000
Colombia,COL,2013,324222799.99999994
Colombia,COL,2014,333498000
Colombia,COL,2015,314811200
Colombia,COL,2016,273072799.99999994
Colombia,COL,2017,227172836
Colombia,COL,2018,243093171.2
Colombia,COL,2019,267344000
Colombia,COL,2020,277710400
Congo,COG,1980,96222016
Congo,COG,1981,99987338
Congo,COG,1982,102903570
Congo,COG,1983,100710258
Congo,COG,1984,108905988.4
Congo,COG,1985,103118400
Congo,COG,1986,98167080
Congo,COG,1987,94798000
Congo,COG,1988,102300000
Congo,COG,1989,96844000
Congo,COG,1990,102913800
Congo,COG,1991,95248120
Congo,COG,1992,98890000
Congo,COG,1993,88728200
Congo,COG,1994,192692280
Congo,COG,1995,184099080
Congo,COG,1996,218240000
Congo,COG,1997,220286000
Congo,COG,1998,231880000
Congo,COG,1999,231880000
Congo,COG,2000,205406533.20000002
Congo,COG,2001,205406533.20000002
Congo,COG,2002,206646000
Congo,COG,2003,243474000
Congo,COG,2004,243337600
Congo,COG,2005,259842000
Congo,COG,2006,264616000
Congo,COG,2007,264616000
Congo,COG,2008,264616000
Congo,COG,2009,272800000
Congo,COG,2010,272800000
Congo,COG,2011,272800000
Congo,COG,2012,272800000
Congo,COG,2013,364597200
Congo,COG,2014,391058800
Congo,COG,2015,406744800
Congo,COG,2016,406744800
Congo,COG,2017,406744800
Congo,COG,2018,406744800
Congo,COG,2019,393104800
Congo,COG,2020,393104800
Denmark,DNK,1980,61380000
Denmark,DNK,1981,50604400
Denmark,DNK,1982,44612368.46
Denmark,DNK,1983,42038578.208
Denmark,DNK,1984,63486834.400000006
Denmark,DNK,1985,60913044.148
Denmark,DNK,1986,54907533.56
Denmark,DNK,1987,54907533.56
Denmark,DNK,1988,73781992.68
Denmark,DNK,1989,85793015.22
Denmark,DNK,1990,80645436.08000001
Denmark,DNK,1991,84077155.052
Denmark,DNK,1992,102093695
Denmark,DNK,1993,96088184.412
Denmark,DNK,1994,102951623.72
Denmark,DNK,1995,124399873.092
Denmark,DNK,1996,117536432.42
Denmark,DNK,1997,128689526.24
Denmark,DNK,1998,120110225.4
Denmark,DNK,1999,123541947.1
Denmark,DNK,2000,151853642.6
Denmark,DNK,2001,183597059.79999998
Denmark,DNK,2002,174159830.23999998
Denmark,DNK,2003,174159830.23999998
Denmark,DNK,2004,181023273.64000002
Denmark,DNK,2005,174159830.23999998
Denmark,DNK,2006,157859143.64
Denmark,DNK,2007,151853642.6
Denmark,DNK,2008,110672995.84
Denmark,DNK,2009,125257811.36
Denmark,DNK,2010,122684011.56
Denmark,DNK,2011,109815067.12
Denmark,DNK,2012,99519908.84
Denmark,DNK,2013,91798529.89999999
Denmark,DNK,2014,83219229.06
Denmark,DNK,2015,66918554.736
Denmark,DNK,2016,60055114.064
Denmark,DNK,2017,58339253.896
Denmark,DNK,2018,60055114.064
Denmark,DNK,2019,58339253.896
Denmark,DNK,2020,58339253.896
Ecuador,ECU,1980,77625785.60000001
Ecuador,ECU,1981,72062296.944
Ecuador,ECU,1982,72851385.948
Ecuador,ECU,1983,70276880.96
Ecuador,ECU,1984,90633823.94
Ecuador,ECU,1985,91502616.91999999
Ecuador,ECU,1986,98445022.28
Ecuador,ECU,1987,127075455.93599999
Ecuador,ECU,1988,120746796.016
Ecuador,ECU,1989,114904337.98799999
Ecuador,ECU,1990,108017724.32000001
Ecuador,ECU,1991,121504001.52
Ecuador,ECU,1992,258247825
Ecuador,ECU,1993,291708450.00000006
Ecuador,ECU,1994,278269981
Ecuador,ECU,1995,269829112.52
Ecuador,ECU,1996,275225192
Ecuador,ECU,1997,292840269.92
Ecuador,ECU,1998,326954482.8
Ecuador,ECU,1999,352938682.8
Ecuador,ECU,2000,363938115.2
Ecuador,ECU,2001,466886560.79999995
Ecuador,ECU,2002,508954639.6
Ecuador,ECU,2003,508214151.28
Ecuador,ECU,2004,498690062.2
Ecuador,ECU,2005,360032533.08
Ecuador,ECU,2006,333570087.4
Ecuador,ECU,2007,342417468.8
Ecuador,ECU,2008,340903060.52
Ecuador,ECU,2009,363220760.32
Ecuador,ECU,2010,282000220.92
Ecuador,ECU,2011,274029618.72
Ecuador,ECU,2012,264943128.12
Ecuador,ECU,2013,280565524.8
Ecuador,ECU,2014,241828361.28
Ecuador,ECU,2015,246371599.76000002
Ecuador,ECU,2016,232391540.92000002
Ecuador,ECU,2017,222646756.64000002
Ecuador,ECU,2018,177667424.44
Ecuador,ECU,2019,177667424.44
Ecuador,ECU,2020,177667424.44
Egypt,EGY,1980,397803780
Egypt,EGY,1981,481532920
Egypt,EGY,1982,504628850
Egypt,EGY,1983,539952903.6
Egypt,EGY,1984,549091840
Egypt,EGY,1985,518320000
Egypt,EGY,1986,613800000
Egypt,EGY,1987,639034000
Egypt,EGY,1988,582496200
Egypt,EGY,1989,586520000
Egypt,EGY,1990,471807600
Egypt,EGY,1991,482214920
Egypt,EGY,1992,468534000
Egypt,EGY,1993,467170000
Egypt,EGY,1994,537552400
Egypt,EGY,1995,518865600
Egypt,EGY,1996,524253400
Egypt,EGY,1997,507271600
Egypt,EGY,1998,512413880
Egypt,EGY,1999,513818800
Egypt,EGY,2000,494709160
Egypt,EGY,2001,500315200
Egypt,EGY,2002,480810000
Egypt,EGY,2003,480810000
Egypt,EGY,2004,493768000
Egypt,EGY,2005,507408000
Egypt,EGY,2006,507408000
Egypt,EGY,2007,555148000
Egypt,EGY,2008,572880000
Egypt,EGY,2009,600160000
Egypt,EGY,2010,613800000
Egypt,EGY,2011,586520000
Egypt,EGY,2012,572880000
Egypt,EGY,2013,531960000
Egypt,EGY,2014,502088400
Egypt,EGY,2015,473717200
Egypt,EGY,2016,461577600
Egypt,EGY,2017,453530000
Egypt,EGY,2018,436070800
Egypt,EGY,2019,429114400
Egypt,EGY,2020,429114400
Equatorial Guinea,GNQ,1991,40920000
Equatorial Guinea,GNQ,1992,40920000
Equatorial Guinea,GNQ,1993,40920000
Equatorial Guinea,GNQ,1994,40920000
Equatorial Guinea,GNQ,1995,75702000
Equatorial Guinea,GNQ,1996,75702000
Equatorial Guinea,GNQ,1997,75702000
Equatorial Guinea,GNQ,1998,75702000
Equatorial Guinea,GNQ,1999,75702000
Equatorial Guinea,GNQ,2000,109120000
Equatorial Guinea,GNQ,2001,151404000
Equatorial Guinea,GNQ,2002,149358000
Equatorial Guinea,GNQ,2003,174592000
Equatorial Guinea,GNQ,2004,240746000
Equatorial Guinea,GNQ,2005,246202000
Equatorial Guinea,GNQ,2006,239382000
Equatorial Guinea,GNQ,2007,232562000
Equatorial Guinea,GNQ,2008,232562000
Equatorial Guinea,GNQ,2009,232562000
Equatorial Guinea,GNQ,2010,232562000
Equatorial Guinea,GNQ,2011,232562000
Equatorial Guinea,GNQ,2012,232562000
Equatorial Guinea,GNQ,2013,232562000
Equatorial Guinea,GNQ,2014,150040000
Equatorial Guinea,GNQ,2015,150040000
Equatorial Guinea,GNQ,2016,150040000
Equatorial Guinea,GNQ,2017,150040000
Equatorial Guinea,GNQ,2018,150040000
Equatorial Guinea,GNQ,2019,150040000
Equatorial Guinea,GNQ,2020,150040000
Europe,,1980,11400104126.4
Europe,,1981,10744041132
Europe,,1982,10684193586
Europe,,1983,10831605840
Europe,,1984,10743073510.400002
Europe,,1985,10816734830
Europe,,1986,10572231692
Europe,,1987,10276909324
Europe,,1988,10399944852
Europe,,1989,10281821088
Europe,,1990,10354169012
Europe,,1991,18336708940
Europe,,1992,18455734308
Europe,,1993,18232918088
Europe,,1994,18227115632.000004
Europe,,1995,18225698436
Europe,,1996,18411256996
Europe,,1997,18385821124
Europe,,1998,18344197300
Europe,,1999,18120082552
Europe,,2000,18162425204
Europe,,2001,18069169888
Europe,,2002,17582253260
Europe,,2003,17263003604
Europe,,2004,16835913380
Europe,,2005,16654802824
Europe,,2006,16390816992
Europe,,2007,16630096692
Europe,,2008,16442400198.4
Europe,,2009,16308423890
Europe,,2010,16289972380
Europe,,2011,16313851928
Europe,,2012,16332518268
Europe,,2013,16193099736
Europe,,2014,15830013848
Europe,,2015,15862848056
Europe,,2016,16290482516
Europe,,2017,16396397116
Europe,,2018,16606073924
Europe,,2019,16640795908
Europe,,2020,16563489162
Europe (EI),,1980,2261303853.6
Europe (EI),,1981,2150840586.4
Europe (EI),,1982,2090993313.2
Europe (EI),,1983,2238406249.2
Europe (EI),,1984,2149872964.8
Europe (EI),,1985,2223535102.8
Europe (EI),,1986,2251832374
Europe (EI),,1987,2229308778.4
Europe (EI),,1988,2352345397.6
Europe (EI),,1989,2302421497.2000003
Europe (EI),,1990,2388409012
Europe (EI),,1991,2493948102.8
Europe (EI),,1992,2612974971.2
Europe (EI),,1993,2536458526.8
Europe (EI),,1994,2530656752.7999997
Europe (EI),,1995,2729671582
Europe (EI),,1996,2915231233.2
Europe (EI),,1997,2957345688
Europe (EI),,1998,2915721727.6
Europe (EI),,1999,2828002478.4
Europe (EI),,2000,2870344721.2000003
Europe (EI),,2001,2888509245.6
Europe (EI),,2002,2622274723.2
Europe (EI),,2003,2563624360
Europe (EI),,2004,2450668246.4
Europe (EI),,2005,2413985376
Europe (EI),,2006,2200618129.6
Europe (EI),,2007,2113449800
Europe (EI),,2008,1934056110.8
Europe (EI),,2009,1909501246.4
Europe (EI),,2010,1858803958
Europe (EI),,2011,1895082402.4
Europe (EI),,2012,1943466210.4
Europe (EI),,2013,1868860525.4
Europe (EI),,2014,1758458024.4
Europe (EI),,2015,1898871321.6
Europe (EI),,2016,1793495774.4
Europe (EI),,2017,1857311060
Europe (EI),,2018,1981159122.8000002
Europe (EI),,2019,1936298117.6
Europe (EI),,2020,1858990553.2
European Union (27),,1980,455914626.64
European Union (27),,1981,425770144.79999995
European Union (27),,1982,436635318.68
European Union (27),,1983,517069212
European Union (27),,1984,549324088.28
European Union (27),,1985,546256847.8399999
European Union (27),,1986,538852237.4399999
European Union (27),,1987,521132840.8
European Union (27),,1988,542580813.28
European Union (27),,1989,529189347.72
European Union (27),,1990,578534666.6
European Union (27),,1991,588810701.6
European Union (27),,1992,538596883
European Union (27),,1993,491731602.55999994
European Union (27),,1994,501810116.71999997
European Union (27),,1995,516801049.59999996
European Union (27),,1996,508655541.68
European Union (27),,1997,479282142.68
European Union (27),,1998,491394640
European Union (27),,1999,518665201.12
European Union (27),,2000,535934355
European Union (27),,2001,552117519.36
European Union (27),,2002,453559926.15999997
European Union (27),,2003,458720156.4
European Union (27),,2004,445309690.32
European Union (27),,2005,429994452.79999995
European Union (27),,2006,411807613.35999995
European Union (27),,2007,404786232.4
European Union (27),,2008,360095918.16
European Union (27),,2009,438080981.36
European Union (27),,2010,435597532.92
European Union (27),,2011,419615640.4
European Union (27),,2012,397697960.88000005
European Union (27),,2013,384007192.8
European Union (27),,2014,374845136.59999996
European Union (27),,2015,350086326.92
European Union (27),,2016,321583269.04
European Union (27),,2017,324031949.12
European Union (27),,2018,324792501.88
European Union (27),,2019,321864771.35999995
European Union (27),,2020,330686114
Gabon,GAB,1980,64234170
Gabon,GAB,1981,63219763.2
Gabon,GAB,1982,65715474
Gabon,GAB,1983,74651720
Gabon,GAB,1984,84977200
Gabon,GAB,1985,89614800
Gabon,GAB,1986,88114400
Gabon,GAB,1987,130944000
Gabon,GAB,1988,126852000
Gabon,GAB,1989,130753040
Gabon,GAB,1990,117304000
Gabon,GAB,1991,119486400
Gabon,GAB,1992,104809760
Gabon,GAB,1993,90296800
Gabon,GAB,1994,190960000
Gabon,GAB,1995,200508000
Gabon,GAB,1996,381920000
Gabon,GAB,1997,364501720
Gabon,GAB,1998,349866000
Gabon,GAB,1999,349866000
Gabon,GAB,2000,330088000
Gabon,GAB,2001,327360000
Gabon,GAB,2002,323268000
Gabon,GAB,2003,311674000
Gabon,GAB,2004,298716000
Gabon,GAB,2005,292714400
Gabon,GAB,2006,293260000
Gabon,GAB,2007,272800000
Gabon,GAB,2008,272800000
Gabon,GAB,2009,272800000
Gabon,GAB,2010,272800000
Gabon,GAB,2011,272800000
Gabon,GAB,2012,272800000
Gabon,GAB,2013,272800000
Gabon,GAB,2014,272800000
Gabon,GAB,2015,272800000
Gabon,GAB,2016,272800000
Gabon,GAB,2017,272800000
Gabon,GAB,2018,272800000
Gabon,GAB,2019,272800000
Gabon,GAB,2020,272800000
High-income countries,,1980,50030910292
High-income countries,,1981,50344107880
High-income countries,,1982,49812611640
High-income countries,,1983,50449193168
High-income countries,,1984,54572221440
High-income countries,,1985,54747736868
High-income countries,,1986,63467155972
High-income countries,,1987,63662067480
High-income countries,,1988,75401843616
High-income countries,,1989,76294911704
High-income countries,,1990,76022444520
High-income countries,,1991,75835486496
High-income countries,,1992,75884748720
High-income countries,,1993,75739896012
High-income countries,,1994,76990311640
High-income countries,,1995,77294879200
High-income countries,,1996,77533300944
High-income countries,,1997,78921086376
High-income countries,,1998,78992300816
High-income countries,,1999,97214735200
High-income countries,,2000,97890410332
High-income countries,,2001,97852214240
High-income countries,,2002,98959577640
High-income countries,,2003,98722023400
High-income countries,,2004,99124329744
High-income countries,,2005,99345385040
High-income countries,,2006,98903258080
High-income countries,,2007,98846916696
High-income countries,,2008,98067895376
High-income countries,,2009,98089964896
High-income countries,,2010,98383587720
High-income countries,,2011,99002311760
High-income countries,,2012,99859804000
High-income countries,,2013,100181470664
High-income countries,,2014,100849877040
High-income countries,,2015,99882705560
High-income countries,,2016,99824067200
High-income countries,,2017,105665118944
High-income countries,,2018,106924812500
High-income countries,,2019,106625621828
High-income countries,,2020,106399556560
India,IND,1980,376049207.6
India,IND,1981,474999360
India,IND,1982,478041080
India,IND,1983,493768000
India,IND,1984,512864000
India,IND,1985,513042724.91999996
India,IND,1986,632214000
India,IND,1987,602287840
India,IND,1988,608821400
India,IND,1989,592712560
India,IND,1990,758815569.6
India,IND,1991,835531840
India,IND,1992,806124000
India,IND,1993,799304000
India,IND,1994,792115720
India,IND,1995,751533446.4
India,IND,1996,748421398.5600001
India,IND,1997,767309647.7199999
India,IND,1998,735777882.4
India,IND,1999,678209375.8
India,IND,2000,721542400.9200001
India,IND,2001,752036762.4
India,IND,2002,760612994.24
India,IND,2003,781729992.12
India,IND,2004,759103141.72
India,IND,2005,807335422.96
India,IND,2006,776481552
India,IND,2007,744641700
India,IND,2008,790860840
India,IND,2009,794239959.0400001
India,IND,2010,795647116
India,IND,2011,777960537.1999999
India,IND,2012,780168812.28
India,IND,2013,778984560.1999999
India,IND,2014,783401069.4399999
India,IND,2015,652819675.2
India,IND,2016,638111717.76
India,IND,2017,620465226.92
India,IND,2018,610605143.7199999
India,IND,2019,635707817.8000001
India,IND,2020,619705028.8000001
Indonesia,IDN,1980,1582649200
Indonesia,IDN,1981,1502855200
Indonesia,IDN,1982,1436837600
Indonesia,IDN,1983,1374912000
Indonesia,IDN,1984,1310940400
Indonesia,IDN,1985,1252152000
Indonesia,IDN,1986,1227600000
Indonesia,IDN,1987,1227600000
Indonesia,IDN,1988,1227600000
Indonesia,IDN,1989,697549600
Indonesia,IDN,1990,738606000
Indonesia,IDN,1991,805987600
Indonesia,IDN,1992,763567200
Indonesia,IDN,1993,704778800
Indonesia,IDN,1994,679272000
Indonesia,IDN,1995,679272000
Indonesia,IDN,1996,645172000
Indonesia,IDN,1997,664268000
Indonesia,IDN,1998,695640000
Indonesia,IDN,1999,709280000
Indonesia,IDN,2000,698368000
Indonesia,IDN,2001,695640000
Indonesia,IDN,2002,643808000
Indonesia,IDN,2003,645172000
Indonesia,IDN,2004,586520000
Indonesia,IDN,2005,571516000
Indonesia,IDN,2006,596068000
Indonesia,IDN,2007,544064136
Indonesia,IDN,2008,511159000
Indonesia,IDN,2009,586929200
Indonesia,IDN,2010,576972000
Indonesia,IDN,2011,510317412
Indonesia,IDN,2012,510317412
Indonesia,IDN,2013,503657000
Indonesia,IDN,2014,494381800
Indonesia,IDN,2015,491385092
Indonesia,IDN,2016,451061160
Indonesia,IDN,2017,432510760
Indonesia,IDN,2018,430246520
Indonesia,IDN,2019,338813508
Indonesia,IDN,2020,332816000
Iran,IRN,1980,7951574400
Iran,IRN,1981,7777528000
Iran,IRN,1982,7658587200
Iran,IRN,1983,7537054800
Iran,IRN,1984,8030413600
Iran,IRN,1985,8047600000
Iran,IRN,1986,12666104000
Iran,IRN,1987,12666104000
Iran,IRN,1988,12666104000
Iran,IRN,1989,12666104000
Iran,IRN,1990,12664740000
Iran,IRN,1991,12666104000
Iran,IRN,1992,12666104000
Iran,IRN,1993,12666104000
Iran,IRN,1994,12862520000
Iran,IRN,1995,12780680000
Iran,IRN,1996,12630640000
Iran,IRN,1997,12630640000
Iran,IRN,1998,12780680000
Iran,IRN,1999,12698840000
Iran,IRN,2000,13575892000
Iran,IRN,2001,13514512000
Iran,IRN,2002,17826116000
Iran,IRN,2003,18175300000
Iran,IRN,2004,18105736000
Iran,IRN,2005,18753636000
Iran,IRN,2006,18877760000
Iran,IRN,2007,18570860000
Iran,IRN,2008,18771368000
Iran,IRN,2009,18688164000
Iran,IRN,2010,20619588000
Iran,IRN,2011,21084712000
Iran,IRN,2012,21455720000
Iran,IRN,2013,21523920000
Iran,IRN,2014,21487092000
Iran,IRN,2015,21605760000
Iran,IRN,2016,21442080000
Iran,IRN,2017,21223840000
Iran,IRN,2018,21223840000
Iran,IRN,2019,21523920000
Iran,IRN,2020,21523920000
Iraq,IRQ,1980,4092000000
Iraq,IRQ,1981,4364800000
Iraq,IRQ,1982,8047600000
Iraq,IRQ,1983,8866000000
Iraq,IRQ,1984,8866000000
Iraq,IRQ,1985,8866000000
Iraq,IRQ,1986,9820800000
Iraq,IRQ,1987,13640000000
Iraq,IRQ,1988,13640000000
Iraq,IRQ,1989,13640000000
Iraq,IRQ,1990,13640000000
Iraq,IRQ,1991,13640000000
Iraq,IRQ,1992,13640000000
Iraq,IRQ,1993,13640000000
Iraq,IRQ,1994,13640000000
Iraq,IRQ,1995,13640000000
Iraq,IRQ,1996,15276800000
Iraq,IRQ,1997,15345000000
Iraq,IRQ,1998,15345000000
Iraq,IRQ,1999,15345000000
Iraq,IRQ,2000,15345000000
Iraq,IRQ,2001,15686000000
Iraq,IRQ,2002,15686000000
Iraq,IRQ,2003,15686000000
Iraq,IRQ,2004,15686000000
Iraq,IRQ,2005,15686000000
Iraq,IRQ,2006,15686000000
Iraq,IRQ,2007,15686000000
Iraq,IRQ,2008,15686000000
Iraq,IRQ,2009,15686000000
Iraq,IRQ,2010,15686000000
Iraq,IRQ,2011,19518840000
Iraq,IRQ,2012,19136920000
Iraq,IRQ,2013,19670380400
Iraq,IRQ,2014,19514611600
Iraq,IRQ,2015,19437409199.999996
Iraq,IRQ,2016,20291682400
Iraq,IRQ,2017,20081217200
Iraq,IRQ,2018,19780591600
Iraq,IRQ,2019,19780591600
Iraq,IRQ,2020,19780591600
Italy,ITA,1980,51620580
Italy,ITA,1981,51620580
Italy,ITA,1982,56782638
Italy,ITA,1983,58847461.2
Italy,ITA,1984,84657751.2
Italy,ITA,1985,86722574.4
Italy,ITA,1986,87754986
Italy,ITA,1987,92917044
Italy,ITA,1988,109435629.6
Italy,ITA,1989,104273571.6
Italy,ITA,1990,104273571.6
Italy,ITA,1991,112532864.4
Italy,ITA,1992,87754986
Italy,ITA,1993,87754986
Italy,ITA,1994,103241160
Italy,ITA,1995,105305983.2
Italy,ITA,1996,103241160
Italy,ITA,1997,87754986
Italy,ITA,1998,86722574.4
Italy,ITA,1999,86722574.4
Italy,ITA,2000,81560516.4
Italy,ITA,2001,77430870
Italy,ITA,2002,75578721.68
Italy,ITA,2003,68896958.98799999
Italy,ITA,2004,63112355.019999996
Italy,ITA,2005,62700420.199999996
Italy,ITA,2006,61446044.88
Italy,ITA,2007,62263712.412
Italy,ITA,2008,64042555.28
Italy,ITA,2009,72018968.12
Italy,ITA,2010,79078595.64
Italy,ITA,2011,78795721.13599999
Italy,ITA,2012,84724854.544
Italy,ITA,2013,82309011.39999999
Italy,ITA,2014,87555732.88000001
Italy,ITA,2015,84152907.52
Italy,ITA,2016,73733808.016
Italy,ITA,2017,80780012.412
Italy,ITA,2018,78289835.36
Italy,ITA,2019,75266938.56
Italy,ITA,2020,82395734.52
Kazakhstan,KAZ,1991,707506800
Kazakhstan,KAZ,1992,707506800
Kazakhstan,KAZ,1993,707506800
Kazakhstan,KAZ,1994,725375200
Kazakhstan,KAZ,1995,725375200
Kazakhstan,KAZ,1996,725375200
Kazakhstan,KAZ,1997,725375200
Kazakhstan,KAZ,1998,736560000
Kazakhstan,KAZ,1999,736560000
Kazakhstan,KAZ,2000,736560000
Kazakhstan,KAZ,2001,736560000
Kazakhstan,KAZ,2002,736560000
Kazakhstan,KAZ,2003,1227600000
Kazakhstan,KAZ,2004,1227600000
Kazakhstan,KAZ,2005,1227600000
Kazakhstan,KAZ,2006,1227600000
Kazakhstan,KAZ,2007,4092000000
Kazakhstan,KAZ,2008,4092000000
Kazakhstan,KAZ,2009,4092000000
Kazakhstan,KAZ,2010,4092000000
Kazakhstan,KAZ,2011,4092000000
Kazakhstan,KAZ,2012,4092000000
Kazakhstan,KAZ,2013,4092000000
Kazakhstan,KAZ,2014,4092000000
Kazakhstan,KAZ,2015,4092000000
Kazakhstan,KAZ,2016,4092000000
Kazakhstan,KAZ,2017,4092000000
Kazakhstan,KAZ,2018,4092000000
Kazakhstan,KAZ,2019,4092000000
Kazakhstan,KAZ,2020,4092000000
Kuwait,KWT,1980,9265652000
Kuwait,KWT,1981,9238372000
Kuwait,KWT,1982,9159260000
Kuwait,KWT,1983,9138800000
Kuwait,KWT,1984,12645644000
Kuwait,KWT,1985,12612089600
Kuwait,KWT,1986,12892800800
Kuwait,KWT,1987,12893210000
Kuwait,KWT,1988,12893210000
Kuwait,KWT,1989,13247850000
Kuwait,KWT,1990,13234210000
Kuwait,KWT,1991,13162600000
Kuwait,KWT,1992,13162600000
Kuwait,KWT,1993,13162600000
Kuwait,KWT,1994,13162600000
Kuwait,KWT,1995,13162600000
Kuwait,KWT,1996,13162600000
Kuwait,KWT,1997,13162600000
Kuwait,KWT,1998,13162600000
Kuwait,KWT,1999,13162600000
Kuwait,KWT,2000,13162600000
Kuwait,KWT,2001,13162600000
Kuwait,KWT,2002,13162600000
Kuwait,KWT,2003,13503600000
Kuwait,KWT,2004,13844600000
Kuwait,KWT,2005,13844600000
Kuwait,KWT,2006,13844600000
Kuwait,KWT,2007,13844600000
Kuwait,KWT,2008,13844600000
Kuwait,KWT,2009,13844600000
Kuwait,KWT,2010,13844600000
Kuwait,KWT,2011,13844600000
Kuwait,KWT,2012,13844600000
Kuwait,KWT,2013,13844600000
Kuwait,KWT,2014,13844600000
Kuwait,KWT,2015,13844600000
Kuwait,KWT,2016,13844600000
Kuwait,KWT,2017,13844600000
Kuwait,KWT,2018,13844600000
Kuwait,KWT,2019,13844600000
Kuwait,KWT,2020,13844600000
Libya,LBY,1980,2773012000
Libya,LBY,1981,3082640000
Libya,LBY,1982,3026170400
Libya,LBY,1983,2971337600
Libya,LBY,1984,2922370000
Libya,LBY,1985,2905320000
Libya,LBY,1986,3109920000
Libya,LBY,1987,3109920000
Libya,LBY,1988,3109920000
Libya,LBY,1989,3109920000
Libya,LBY,1990,3109920000
Libya,LBY,1991,3109920000
Libya,LBY,1992,3109920000
Libya,LBY,1993,3109920000
Libya,LBY,1994,3109920000
Libya,LBY,1995,4023800000
Libya,LBY,1996,4023800000
Libya,LBY,1997,4023800000
Libya,LBY,1998,4023800000
Libya,LBY,1999,4023800000
Libya,LBY,2000,4910400000
Libya,LBY,2001,4910400000
Libya,LBY,2002,4910400000
Libya,LBY,2003,5336786400
Libya,LBY,2004,5336786400
Libya,LBY,2005,5655689600
Libya,LBY,2006,5655689600
Libya,LBY,2007,5955633200
Libya,LBY,2008,6038564400
Libya,LBY,2009,6331960800
Libya,LBY,2010,6424030800
Libya,LBY,2011,6549109600
Libya,LBY,2012,6611580800
Libya,LBY,2013,6596713200
Libya,LBY,2014,6596713200
Libya,LBY,2015,6596713200
Libya,LBY,2016,6596713200
Libya,LBY,2017,6596713200
Libya,LBY,2018,6596713200
Libya,LBY,2019,6596713200
Libya,LBY,2020,6596713200
Low-income countries,,1980,198056619.20000002
Low-income countries,,1981,285076027.28
Low-income countries,,1982,293260000
Low-income countries,,1983,240064000
Low-income countries,,1984,231539000
Low-income countries,,1985,319176000
Low-income countries,,1986,330088000
Low-income countries,,1987,418748000
Low-income countries,,1988,559240000
Low-income countries,,1989,586520000
Low-income countries,,1990,570152000
Low-income countries,,1991,724284000
Low-income countries,,1992,724284000
Low-income countries,,1993,714190400
Low-income countries,,1994,673270400
Low-income countries,,1995,660776160
Low-income countries,,1996,645990400
Low-income countries,,1997,605084040
Low-income countries,,1998,601810440
Low-income countries,,1999,601810440
Low-income countries,,2000,803000440
Low-income countries,,2001,844043200
Low-income countries,,2002,899967200
Low-income countries,,2003,914971200
Low-income countries,,2004,1039640759.08
Low-income countries,,2005,1088976680
Low-income countries,,2006,1674992000
Low-income countries,,2007,1591788000
Low-income countries,,2008,1591788000
Low-income countries,,2009,1636800000
Low-income countries,,2010,1636800000
Low-income countries,,2011,1636800000
Low-income countries,,2012,1636800000
Low-income countries,,2013,1636800000
Low-income countries,,2014,1636800000
Low-income countries,,2015,1636800000
Low-income countries,,2016,1636800000
Low-income countries,,2017,1636800000
Low-income countries,,2018,1636800000
Low-income countries,,2019,1636800000
Low-income countries,,2020,1636800000
Lower-middle-income countries,,1980,14285641761.6
Lower-middle-income countries,,1981,14180572296
Lower-middle-income countries,,1982,14286460980
Lower-middle-income countries,,1983,14138457432
Lower-middle-income countries,,1984,14551292492
Lower-middle-income countries,,1985,14419568284
Lower-middle-income countries,,1986,19059622120.000004
Lower-middle-income countries,,1987,19088702600
Lower-middle-income countries,,1988,19148527640
Lower-middle-income countries,,1989,18625269960
Lower-middle-income countries,,1990,18810378400
Lower-middle-income countries,,1991,19188874760
Lower-middle-income countries,,1992,19250498916
Lower-middle-income countries,,1993,19270864800
Lower-middle-income countries,,1994,19861872360
Lower-middle-income countries,,1995,19734191048
Lower-middle-income countries,,1996,19833603460
Lower-middle-income countries,,1997,19984199972
Lower-middle-income countries,,1998,20498050144
Lower-middle-income countries,,1999,21388229280
Lower-middle-income countries,,2000,22414326924
Lower-middle-income countries,,2001,22848007996
Lower-middle-income countries,,2002,27893300776
Lower-middle-income countries,,2003,28518657948
Lower-middle-income countries,,2004,28518372872
Lower-middle-income countries,,2005,29331060440
Lower-middle-income countries,,2006,29648268188
Lower-middle-income countries,,2007,29341411836
Lower-middle-income countries,,2008,29749740240
Lower-middle-income countries,,2009,29729042904
Lower-middle-income countries,,2010,31591222080
Lower-middle-income countries,,2011,31814733940
Lower-middle-income countries,,2012,32295980420
Lower-middle-income countries,,2013,32391936456
Lower-middle-income countries,,2014,32318058124
Lower-middle-income countries,,2015,32387989040
Lower-middle-income countries,,2016,32210332132
Lower-middle-income countries,,2017,31792488464
Lower-middle-income countries,,2018,31666745396
Lower-middle-income countries,,2019,31817290076
Lower-middle-income countries,,2020,31795290120
Malaysia,MYS,1980,197814236.4
Malaysia,MYS,1981,196274826
Malaysia,MYS,1982,219793596
Malaysia,MYS,1983,252463305.60000002
Malaysia,MYS,1984,262212904.8
Malaysia,MYS,1985,258535424.4
Malaysia,MYS,1986,248529256.8
Malaysia,MYS,1987,249897621.6
Malaysia,MYS,1988,261186631.2
Malaysia,MYS,1989,251693600.4
Malaysia,MYS,1990,260416926
Malaysia,MYS,1991,480124999.2
Malaysia,MYS,1992,522971922
Malaysia,MYS,1993,367748040
Malaysia,MYS,1994,351669753.6
Malaysia,MYS,1995,342091200
Malaysia,MYS,1996,329262780
Malaysia,MYS,1997,331828464
Malaysia,MYS,1998,292487976
Malaysia,MYS,1999,289922292
Malaysia,MYS,2000,289922292
Malaysia,MYS,2001,361761444
Malaysia,MYS,2002,389128740
Malaysia,MYS,2003,413075124
Malaysia,MYS,2004,453270840
Malaysia,MYS,2005,449336791.2
Malaysia,MYS,2006,369116404.8
Malaysia,MYS,2007,466783442.4
Malaysia,MYS,2008,471829287.6
Malaysia,MYS,2009,495677600
Malaysia,MYS,2010,487220800
Malaysia,MYS,2011,509999600
Malaysia,MYS,2012,503043200
Malaysia,MYS,2013,518320000
Malaysia,MYS,2014,491040000
Malaysia,MYS,2015,411655200
Malaysia,MYS,2016,386775840
Malaysia,MYS,2017,372617520
Malaysia,MYS,2018,372617520
Malaysia,MYS,2019,372617520
Malaysia,MYS,2020,372617520
Mexico,MEX,1980,6441353600
Mexico,MEX,1981,7215560000
Mexico,MEX,1982,7501863600
Mexico,MEX,1983,7501863600
Mexico,MEX,1984,4061078120
Mexico,MEX,1985,4006218040
Mexico,MEX,1986,3957482320
Mexico,MEX,1987,3885804120
Mexico,MEX,1988,3804277840
Mexico,MEX,1989,3725929680
Mexico,MEX,1990,3669705600
Mexico,MEX,1991,3647458760
Mexico,MEX,1992,3662667360
Mexico,MEX,1993,3628390040
Mexico,MEX,1994,3551255840
Mexico,MEX,1995,3469252160
Mexico,MEX,1996,3402948120
Mexico,MEX,1997,5321782400
Mexico,MEX,1998,5601129600
Mexico,MEX,1999,3369097732
Mexico,MEX,2000,3359706592
Mexico,MEX,2001,3227275832
Mexico,MEX,2002,3057957056
Mexico,MEX,2003,2062853584
Mexico,MEX,2004,1925916168
Mexico,MEX,2005,1757129352
Mexico,MEX,2006,1611409140
Mexico,MEX,2007,1506888548
Mexico,MEX,2008,1432369136
Mexico,MEX,2009,1419132880
Mexico,MEX,2010,1421233440
Mexico,MEX,2011,1385960400
Mexico,MEX,2012,1367410000
Mexico,MEX,2013,1373983116
Mexico,MEX,2014,1338369076
Mexico,MEX,2015,1324576308
Mexico,MEX,2016,1042192844
Mexico,MEX,2017,959848164
Mexico,MEX,2018,881712788
Mexico,MEX,2019,827386032
Mexico,MEX,2020,827386032
Middle East (EI),,1980,49432869948
Middle East (EI),,1981,49822165096
Middle East (EI),,1982,53046232800
Middle East (EI),,1983,54139997120
Middle East (EI),,1984,58755016100
Middle East (EI),,1985,58888206608
Middle East (EI),,1986,73264218280
Middle East (EI),,1987,77281089160
Middle East (EI),,1988,89073919440
Middle East (EI),,1989,90164404704
Middle East (EI),,1990,89971404160
Middle East (EI),,1991,90135888920
Middle East (EI),,1992,90241345216
Middle East (EI),,1993,90287579360
Middle East (EI),,1994,90509884080
Middle East (EI),,1995,90475252120
Middle East (EI),,1996,91932958920
Middle East (EI),,1997,93192344212
Middle East (EI),,1998,93466976064
Middle East (EI),,1999,93547722136
Middle East (EI),,2000,95028325040
Middle East (EI),,2001,95298233360
Middle East (EI),,2002,101119580760
Middle East (EI),,2003,101719218348
Middle East (EI),,2004,102310006304
Middle East (EI),,2005,103054487052
Middle East (EI),,2006,103100217880
Middle East (EI),,2007,102688944600
Middle East (EI),,2008,102802702200
Middle East (EI),,2009,102725022400
Middle East (EI),,2010,104475165344
Middle East (EI),,2011,108838579520
Middle East (EI),,2012,109018832120
Middle East (EI),,2013,109515287200
Middle East (EI),,2014,109539057628
Middle East (EI),,2015,109518976820
Middle East (EI),,2016,110175449560
Middle East (EI),,2017,113803055300
Middle East (EI),,2018,113739008680
Middle East (EI),,2019,114031545760
Middle East (EI),,2020,114022447880
Nigeria,NGA,1980,2277880000
Nigeria,NGA,1981,2250600000
Nigeria,NGA,1982,2284700000
Nigeria,NGA,1983,2257420000
Nigeria,NGA,1984,2271060000
Nigeria,NGA,1985,2264240000
Nigeria,NGA,1986,2191402400
Nigeria,NGA,1987,2179672000
Nigeria,NGA,1988,2182400000
Nigeria,NGA,1989,2182400000
Nigeria,NGA,1990,2332440000
Nigeria,NGA,1991,2728000000
Nigeria,NGA,1992,2863172400
Nigeria,NGA,1993,2863172400
Nigeria,NGA,1994,2863172400
Nigeria,NGA,1995,2840939200
Nigeria,NGA,1996,2840939200
Nigeria,NGA,1997,2840939200
Nigeria,NGA,1998,3069000000
Nigeria,NGA,1999,3955600000
Nigeria,NGA,2000,3955600000
Nigeria,NGA,2001,4297418400
Nigeria,NGA,2002,4685203600
Nigeria,NGA,2003,4808782000
Nigeria,NGA,2004,4893486400
Nigeria,NGA,2005,4940408000
Nigeria,NGA,2006,5074080000
Nigeria,NGA,2007,5074080000
Nigeria,NGA,2008,5074080000
Nigeria,NGA,2009,5074080000
Nigeria,NGA,2010,5074080000
Nigeria,NGA,2011,4944090800
Nigeria,NGA,2012,5065759600
Nigeria,NGA,2013,5056484400
Nigeria,NGA,2014,5107907200
Nigeria,NGA,2015,5055256800
Nigeria,NGA,2016,5108589200
Nigeria,NGA,2017,5108589200
Nigeria,NGA,2018,5042980800
Nigeria,NGA,2019,5031796000
Nigeria,NGA,2020,5031796000
Non-OECD (EI),,1980,73803455220
Non-OECD (EI),,1981,74121769172
Non-OECD (EI),,1982,78249001292
Non-OECD (EI),,1983,79801808900
Non-OECD (EI),,1984,84852175760
Non-OECD (EI),,1985,88529137840
Non-OECD (EI),,1986,102944087620
Non-OECD (EI),,1987,107226918040
Non-OECD (EI),,1988,119185992640
Non-OECD (EI),,1989,119554477240
Non-OECD (EI),,1990,119864814520
Non-OECD (EI),,1991,129915775880
Non-OECD (EI),,1992,130294135840
Non-OECD (EI),,1993,130469696280
Non-OECD (EI),,1994,131259793280
Non-OECD (EI),,1995,132291108224
Non-OECD (EI),,1996,135171150576
Non-OECD (EI),,1997,136939988504
Non-OECD (EI),,1998,137932522200
Non-OECD (EI),,1999,138911055800
Non-OECD (EI),,2000,141616822600
Non-OECD (EI),,2001,142668957640
Non-OECD (EI),,2002,149942746800
Non-OECD (EI),,2003,151536239800
Non-OECD (EI),,2004,152774970040
Non-OECD (EI),,2005,153839722080
Non-OECD (EI),,2006,155845825080
Non-OECD (EI),,2007,160762185760
Non-OECD (EI),,2008,171168100840.00003
Non-OECD (EI),,2009,176732811640
Non-OECD (EI),,2010,190734217080
Non-OECD (EI),,2011,195254103880
Non-OECD (EI),,2012,195915412000
Non-OECD (EI),,2013,196599921760
Non-OECD (EI),,2014,196528871000
Non-OECD (EI),,2015,196023195280
Non-OECD (EI),,2016,197186482680
Non-OECD (EI),,2017,200709681040
Non-OECD (EI),,2018,200834718920
Non-OECD (EI),,2019,200962184720
Non-OECD (EI),,2020,200835823760
Non-OPEC (EI),,1980,35551789768
Non-OPEC (EI),,1981,36145042472
Non-OPEC (EI),,1982,36300387068
Non-OPEC (EI),,1983,36726049184
Non-OPEC (EI),,1984,33678020684
Non-OPEC (EI),,1985,33923614340
Non-OPEC (EI),,1986,33732325616
Non-OPEC (EI),,1987,33681365212
Non-OPEC (EI),,1988,33939983704
Non-OPEC (EI),,1989,32901876040
Non-OPEC (EI),,1990,32762643012
Non-OPEC (EI),,1991,41803985212
Non-OPEC (EI),,1992,42112905296
Non-OPEC (EI),,1993,41817214648
Non-OPEC (EI),,1994,42987742160
Non-OPEC (EI),,1995,43077684320
Non-OPEC (EI),,1996,43438630092
Non-OPEC (EI),,1997,46790751480
Non-OPEC (EI),,1998,47373536848
Non-OPEC (EI),,1999,62886930832
Non-OPEC (EI),,2000,63830858388
Non-OPEC (EI),,2001,63849644760
Non-OPEC (EI),,2002,65669343520
Non-OPEC (EI),,2003,64513637232
Non-OPEC (EI),,2004,64464546872
Non-OPEC (EI),,2005,64329100308
Non-OPEC (EI),,2006,64501061152
Non-OPEC (EI),,2007,67665526148
Non-OPEC (EI),,2008,67077871300
Non-OPEC (EI),,2009,67134549592
Non-OPEC (EI),,2010,68083060188
Non-OPEC (EI),,2011,68620476188
Non-OPEC (EI),,2012,69633659480
Non-OPEC (EI),,2013,70030302496
Non-OPEC (EI),,2014,70328699320
Non-OPEC (EI),,2015,68627709480
Non-OPEC (EI),,2016,68600466308
Non-OPEC (EI),,2017,70218760920
Non-OPEC (EI),,2018,71333278500
Non-OPEC (EI),,2019,70940248720
Non-OPEC (EI),,2020,70613788960
North America,,1980,16893892928
North America,,1981,17751142376
North America,,1982,17871550840
North America,,1983,17959277864
North America,,1984,14589898602.4
North America,,1985,14633283214
North America,,1986,14422090320
North America,,1987,14419124984
North America,,1988,14326686704
North America,,1989,14117468200
North America,,1990,13863700092
North America,,1991,13579692104
North America,,1992,13397670396
North America,,1993,13208419488
North America,,1994,14236313520
North America,,1995,14213911184
North America,,1996,14247475132
North America,,1997,16237641156
North America,,1998,16393255824
North America,,1999,32293049184
North America,,2000,32378091856
North America,,2001,32190454560
North America,,2002,32001501004
North America,,2003,30726497912
North America,,2004,30526820588
North America,,2005,30506035956
North America,,2006,30200815040
North America,,2007,30173398640
North America,,2008,29472923260
North America,,2009,29615360324
North America,,2010,30156351368
North America,,2011,30682210196
North America,,2012,31201650040
North America,,2013,31699868772
North America,,2014,32430476276
North America,,2015,31363622312
North America,,2016,31150761928
North America,,2017,32777559716
North America,,2018,33599867576
North America,,2019,33307621028
North America,,2020,33166133308
North America (EI),,1980,16816008528
North America (EI),,1981,17673257976
North America (EI),,1982,17785208276
North America (EI),,1983,17885623228
North America (EI),,1984,14512150602.4
North America (EI),,1985,14549806414
North America (EI),,1986,14345160720
North America (EI),,1987,14334625184
North America (EI),,1988,14243073504.000002
North America (EI),,1989,14033091842
North America (EI),,1990,13781560557.6
North America (EI),,1991,13501589464
North America (EI),,1992,13323877996
North America (EI),,1993,13132022666.4
North America (EI),,1994,14159930338.400002
North America (EI),,1995,14124350944
North America (EI),,1996,14148898852
North America (EI),,1997,16141316840
North America (EI),,1998,16292310276
North America (EI),,1999,32181067512
North America (EI),,2000,32262007272
North America (EI),,2001,32059501012
North America (EI),,2002,31848042820
North America (EI),,2003,30604955964
North America (EI),,2004,30416471624
North America (EI),,2005,30396505392
North America (EI),,2006,30092542084
North America (EI),,2007,30054594240
North America (EI),,2008,29359712624
North America (EI),,2009,29502148324
North America (EI),,2010,30043138004
North America (EI),,2011,30568995468
North America (EI),,2012,31088438040
North America (EI),,2013,31586656772
North America (EI),,2014,32317262912
North America (EI),,2015,31264282192
North America (EI),,2016,31117619456
North America (EI),,2017,32744414516
North America (EI),,2018,33566725104
North America (EI),,2019,33274477192
North America (EI),,2020,33132990836
Norway,NOR,1980,539061215.88
Norway,NOR,1981,539456489.44
Norway,NOR,1982,520582043.96
Norway,NOR,1983,666588300.4
Norway,NOR,1984,676804387.6
Norway,NOR,1985,805122878.5600001
Norway,NOR,1986,885693662.9200001
Norway,NOR,1987,905161939.44
Norway,NOR,1988,1112542371.6
Norway,NOR,1989,1148711014
Norway,NOR,1990,1177210020.8000002
Norway,NOR,1991,1201831857.6
Norway,NOR,1992,1328911100
Norway,NOR,1993,1304811538.8
Norway,NOR,1994,1323685888.8
Norway,NOR,1995,1473718932.4
Norway,NOR,1996,1593454398.8
Norway,NOR,1997,1642368120.8
Norway,NOR,1998,1590836746.4
Norway,NOR,1999,1491937607.6
Norway,NOR,2000,1550355818
Norway,NOR,2001,1581826912.6000001
Norway,NOR,2002,1425130115.2
Norway,NOR,2003,1384333148
Norway,NOR,2004,1326072888.8
Norway,NOR,2005,1321455203.2
Norway,NOR,2006,1165639890.8
Norway,NOR,2007,1114164167.6000001
Norway,NOR,2008,1021744847.1999999
Norway,NOR,2009,965398143.6
Norway,NOR,2010,928064549.72
Norway,NOR,2011,938887166.8
Norway,NOR,2012,1022263931.04
Norway,NOR,2013,961277581.4399999
Norway,NOR,2014,891950153.6
Norway,NOR,2015,1091887592.4
Norway,NOR,2016,1036806367.0799999
Norway,NOR,2017,1080014790.8
Norway,NOR,2018,1179111846
Norway,NOR,2019,1162535699.6000001
Norway,NOR,2020,1077792562
OECD (EI),,1980,19306046452
OECD (EI),,1981,20149932792
OECD (EI),,1982,20264141876
OECD (EI),,1983,20334773888
OECD (EI),,1984,16951565030.4
OECD (EI),,1985,17079358736
OECD (EI),,1986,17031460512
OECD (EI),,1987,17047921264
OECD (EI),,1988,17144558618
OECD (EI),,1989,16869349112
OECD (EI),,1990,16658742874.4
OECD (EI),,1991,16420984580
OECD (EI),,1992,16589165098
OECD (EI),,1993,16343808096
OECD (EI),,1994,17437772924
OECD (EI),,1995,17572181484
OECD (EI),,1996,17767897752
OECD (EI),,1997,19808578152
OECD (EI),,1998,19967844248
OECD (EI),,1999,35716936068
OECD (EI),,2000,35829230096
OECD (EI),,2001,35633646136
OECD (EI),,2002,35162523264
OECD (EI),,2003,33737506088
OECD (EI),,2004,33447710648
OECD (EI),,2005,33368456792
OECD (EI),,2006,32831623220
OECD (EI),,2007,32697426080
OECD (EI),,2008,31917218080
OECD (EI),,2009,31998580680
OECD (EI),,2010,32537119252
OECD (EI),,2011,33114923292
OECD (EI),,2012,33723103612
OECD (EI),,2013,34174528960
OECD (EI),,2014,34592395816
OECD (EI),,2015,33661167100
OECD (EI),,2016,33367898916
OECD (EI),,2017,35012874732
OECD (EI),,2018,35975329500
OECD (EI),,2019,35665977028
OECD (EI),,2020,35458912280
OPEC (EI),,1980,57557711904
OPEC (EI),,1981,58126659492
OPEC (EI),,1982,62212752008
OPEC (EI),,1983,63410540424
OPEC (EI),,1984,68125722016
OPEC (EI),,1985,71684883600
OPEC (EI),,1986,86243223880
OPEC (EI),,1987,90593470000
OPEC (EI),,1988,102390569600
OPEC (EI),,1989,103521953040
OPEC (EI),,1990,103760912200
OPEC (EI),,1991,104532772520
OPEC (EI),,1992,104770394960
OPEC (EI),,1993,104996287000
OPEC (EI),,1994,105709822680
OPEC (EI),,1995,106785609480
OPEC (EI),,1996,109500419600
OPEC (EI),,1997,109957809720
OPEC (EI),,1998,110526829600
OPEC (EI),,1999,111741062400
OPEC (EI),,2000,113615188852
OPEC (EI),,2001,114452953560
OPEC (EI),,2002,119435932000
OPEC (EI),,2003,120760103200
OPEC (EI),,2004,121758142000
OPEC (EI),,2005,122879077200
OPEC (EI),,2006,124176377600
OPEC (EI),,2007,125794081600
OPEC (EI),,2008,136007440800
OPEC (EI),,2009,141596840000
OPEC (EI),,2010,155188281600
OPEC (EI),,2011,159748542800
OPEC (EI),,2012,160004838400
OPEC (EI),,2013,160744153680
OPEC (EI),,2014,160792575680
OPEC (EI),,2015,161056659720
OPEC (EI),,2016,161953926200
OPEC (EI),,2017,165503804400
OPEC (EI),,2018,165476756280
OPEC (EI),,2019,165687903480
OPEC (EI),,2020,165680960720
Oceania,,1980,289551420.4
Oceania,,1981,357156348.12
Oceania,,1982,399795451.88
Oceania,,1983,339740346
Oceania,,1984,349177589.20000005
Oceania,,1985,335450702.4
Oceania,,1986,392074093.4
Oceania,,1987,396363750.64
Oceania,,1988,434970597.6
Oceania,,1989,422959595.52
Oceania,,1990,430680954
Oceania,,1991,440118197.2
Oceania,,1992,439260268.48
Oceania,,1993,444407840.8
Oceania,,1994,520763633.28
Oceania,,1995,518189847.12
Oceania,,1996,520763633.28
Oceania,,1997,550791152.12
Oceania,,1998,651169003.3199999
Oceania,,1999,646879387
Oceania,,2000,674333146.96
Oceania,,2001,676049004.4
Oceania,,2002,623715243.36
Oceania,,2003,511423343.2
Oceania,,2004,530495132.2
Oceania,,2005,507181712.40000004
Oceania,,2006,479380487.08000004
Oceania,,2007,467710089.44000006
Oceania,,2008,578226961.84
Oceania,,2009,553974960
Oceania,,2010,522559271.08
Oceania,,2011,528269643.44
Oceania,,2012,534956367
Oceania,,2013,539802809.04
Oceania,,2014,326042648.8
Oceania,,2015,326042648.8
Oceania,,2016,326042648.8
Oceania,,2017,326042648.8
Oceania,,2018,326042648.8
Oceania,,2019,326042648.8
Oceania,,2020,326042648.8
Oman,OMN,1980,338817600
Oman,OMN,1981,401288800
Oman,OMN,1982,463760000
Oman,OMN,1983,477400000
Oman,OMN,1984,531960000
Oman,OMN,1985,554738800
Oman,OMN,1986,550646800
Oman,OMN,1987,559949280
Oman,OMN,1988,564968800
Oman,OMN,1989,585278760
Oman,OMN,1990,593749200
Oman,OMN,1991,593340000
Oman,OMN,1992,646536000
Oman,OMN,1993,682000000
Oman,OMN,1994,695640000
Oman,OMN,1995,709280000
Oman,OMN,1996,722920000
Oman,OMN,1997,736423600
Oman,OMN,1998,736560000
Oman,OMN,1999,783481600
Oman,OMN,2000,797667200
Oman,OMN,2001,804760000
Oman,OMN,2002,778298400
Oman,OMN,2003,760020800
Oman,OMN,2004,760020800
Oman,OMN,2005,760020800
Oman,OMN,2006,760020800
Oman,OMN,2007,760020800
Oman,OMN,2008,760020800
Oman,OMN,2009,750200000
Oman,OMN,2010,750200000
Oman,OMN,2011,750200000
Oman,OMN,2012,750200000
Oman,OMN,2013,678494520
Oman,OMN,2014,702596400
Oman,OMN,2015,723738400
Oman,OMN,2016,732877200
Oman,OMN,2017,732877200
Oman,OMN,2018,732877200
Oman,OMN,2019,732877200
Oman,OMN,2020,732877200
Peru,PER,1980,85719898
Peru,PER,1981,120309846.8
Peru,PER,1982,105729778
Peru,PER,1983,94978593.60000001
Peru,PER,1984,91448834.39999999
Peru,PER,1985,80339600
Peru,PER,1986,73083120
Peru,PER,1987,65526560
Peru,PER,1988,116349200
Peru,PER,1989,115530800
Peru,PER,1990,112284480
Peru,PER,1991,112093520
Peru,PER,1992,109474640
Peru,PER,1993,109047298.80000001
Peru,PER,1994,113333668.8
Peru,PER,1995,110226204
Peru,PER,1996,105508264.4
Peru,PER,1997,103447124
Peru,PER,1998,127859041.19999999
Peru,PER,1999,121477840
Peru,PER,2000,123526568
Peru,PER,2001,133586886.4
Peru,PER,2002,129974332.4
Peru,PER,2003,126791029.19999999
Peru,PER,2004,149672129.2
Peru,PER,2005,147074391.2
Peru,PER,2006,149670083.20000002
Peru,PER,2007,152969872
Peru,PER,2008,152969872
Peru,PER,2009,152969872
Peru,PER,2010,169136000
Peru,PER,2011,164525680
Peru,PER,2012,194056280
Peru,PER,2013,220552252.79999998
Peru,PER,2014,192302994.39999998
Peru,PER,2015,161945674
Peru,PER,2016,167035576.4
Peru,PER,2017,134364230
Peru,PER,2018,117152596
Peru,PER,2019,109553301.88
Peru,PER,2020,101801602.584
Qatar,QAT,1980,488994000
Qatar,QAT,1981,470580000
Qatar,QAT,1982,467170000
Qatar,QAT,1983,454212000
Qatar,QAT,1984,613800000
Qatar,QAT,1985,613800000
Qatar,QAT,1986,613800000
Qatar,QAT,1987,613800000
Qatar,QAT,1988,613800000
Qatar,QAT,1989,613800000
Qatar,QAT,1990,408245200
Qatar,QAT,1991,408245200
Qatar,QAT,1992,425704400
Qatar,QAT,1993,425704400
Qatar,QAT,1994,477400000
Qatar,QAT,1995,504680000
Qatar,QAT,1996,504680000
Qatar,QAT,1997,1705000000
Qatar,QAT,1998,1839422200
Qatar,QAT,1999,1787221920
Qatar,QAT,2000,2300617880
Qatar,QAT,2001,2296444040
Qatar,QAT,2002,3764039840
Qatar,QAT,2003,3684941480
Qatar,QAT,2004,3664361448
Qatar,QAT,2005,3806951280
Qatar,QAT,2006,3742297680
Qatar,QAT,2007,3726857200
Qatar,QAT,2008,3660021200
Qatar,QAT,2009,3533714800
Qatar,QAT,2010,3366897600
Qatar,QAT,2011,3259960000
Qatar,QAT,2012,3441235600
Qatar,QAT,2013,3418593200
Qatar,QAT,2014,3506162000
Qatar,QAT,2015,3443281600
Qatar,QAT,2016,3443281600
Qatar,QAT,2017,3443281600
Qatar,QAT,2018,3443281600
Qatar,QAT,2019,3443281600
Qatar,QAT,2020,3443281600
Romania,ROU,1980,148702325.2
Romania,ROU,1981,137151973.20000002
Romania,ROU,1982,130843064
Romania,ROU,1983,217549816
Romania,ROU,1984,206045840
Romania,ROU,1985,196688800
Romania,ROU,1986,185776800
Romania,ROU,1987,175410400
Romania,ROU,1988,167908400
Romania,ROU,1989,163543600
Romania,ROU,1990,207328000
Romania,ROU,1991,203372400
Romania,ROU,1992,169790720
Romania,ROU,1993,137423000
Romania,ROU,1994,136454560
Romania,ROU,1995,137191120
Romania,ROU,1996,133726560
Romania,ROU,1997,127029320
Romania,ROU,1998,158619560
Romania,ROU,1999,167130920
Romania,ROU,2000,159574360
Romania,ROU,2001,157405600
Romania,ROU,2002,69304840
Romania,ROU,2003,67354320
Romania,ROU,2004,63862480
Romania,ROU,2005,62525760
Romania,ROU,2006,65158280
Romania,ROU,2007,65472000
Romania,ROU,2008,65472000
Romania,ROU,2009,81840000
Romania,ROU,2010,81840000
Romania,ROU,2011,81840000
Romania,ROU,2012,81840000
Romania,ROU,2013,81840000
Romania,ROU,2014,81840000
Romania,ROU,2015,81840000
Romania,ROU,2016,81840000
Romania,ROU,2017,81840000
Romania,ROU,2018,81840000
Romania,ROU,2019,81840000
Romania,ROU,2020,81840000
Russia,RUS,1991,15842759064
Russia,RUS,1992,15842759064
Russia,RUS,1993,15696459152
Russia,RUS,1994,15696459152
Russia,RUS,1995,15496026172
Russia,RUS,1996,15496026172
Russia,RUS,1997,15428475436
Russia,RUS,1998,15428475436
Russia,RUS,1999,15292079528
Russia,RUS,2000,15292079528
Russia,RUS,2001,15180661188
Russia,RUS,2002,14959976900
Russia,RUS,2003,14699377880
Russia,RUS,2004,14385245952
Russia,RUS,2005,14240816902.4
Russia,RUS,2006,14190199408
Russia,RUS,2007,14516646892
Russia,RUS,2008,14508344906
Russia,RUS,2009,14398922780
Russia,RUS,2010,14431168285.6
Russia,RUS,2011,14418768980
Russia,RUS,2012,14389052194
Russia,RUS,2013,14324239688
Russia,RUS,2014,14071555278
Russia,RUS,2015,13963977280
Russia,RUS,2016,14496986196
Russia,RUS,2017,14539086056
Russia,RUS,2018,14624914392
Russia,RUS,2019,14704498335.999998
Russia,RUS,2020,14704498335.999998
Saudi Arabia,SAU,1980,22919292000
Saudi Arabia,SAU,1981,22894740000
Saudi Arabia,SAU,1982,22572017600
Saudi Arabia,SAU,1983,23030867200
Saudi Arabia,SAU,1984,23421244000
Saudi Arabia,SAU,1985,23391236000
Saudi Arabia,SAU,1986,23153081600
Saudi Arabia,SAU,1987,23131394000
Saudi Arabia,SAU,1988,34780499600
Saudi Arabia,SAU,1989,35470820000
Saudi Arabia,SAU,1990,35510648800
Saudi Arabia,SAU,1991,35591670400
Saudi Arabia,SAU,1992,35628089200
Saudi Arabia,SAU,1993,35648822000
Saudi Arabia,SAU,1994,35651413600
Saudi Arabia,SAU,1995,35661780000
Saudi Arabia,SAU,1996,35660961600
Saudi Arabia,SAU,1997,35674192400
Saudi Arabia,SAU,1998,35674328800
Saudi Arabia,SAU,1999,35843737600
Saudi Arabia,SAU,2000,35841282400
Saudi Arabia,SAU,2001,35831870800
Saudi Arabia,SAU,2002,35844556000
Saudi Arabia,SAU,2003,35836372000
Saudi Arabia,SAU,2004,36051884000
Saudi Arabia,SAU,2005,36038380400
Saudi Arabia,SAU,2006,36043836400
Saudi Arabia,SAU,2007,36038107600
Saudi Arabia,SAU,2008,36018193200
Saudi Arabia,SAU,2009,36090076000
Saudi Arabia,SAU,2010,36079982400
Saudi Arabia,SAU,2011,36201242000
Saudi Arabia,SAU,2012,36261940000
Saudi Arabia,SAU,2013,36253619600
Saudi Arabia,SAU,2014,36361239200
Saudi Arabia,SAU,2015,36344462000
Saudi Arabia,SAU,2016,36310771200
Saudi Arabia,SAU,2017,40368671200
Saudi Arabia,SAU,2018,40602324400
Saudi Arabia,SAU,2019,40589639200
Saudi Arabia,SAU,2020,40582682800
South America,,1980,3417163318.8
South America,,1981,3474905530.8
South America,,1982,4158465810.4
South America,,1983,4370003660
South America,,1984,4750529242.8
South America,,1985,8369763160
South America,,1986,8602741725.6
South America,,1987,9032380038
South America,,1988,9191897792
South America,,1989,9225679980
South America,,1990,9512829260
South America,,1991,9922799238
South America,,1992,10399272400
South America,,1993,10603932416
South America,,1994,10709319148
South America,,1995,11004293696
South America,,1996,11940103406
South America,,1997,12295185478.400002
South America,,1998,12553012032
South America,,1999,12799752812
South America,,2000,12798668432
South America,,2001,12998017032
South America,,2002,13128190372
South America,,2003,13189874544
South America,,2004,13596492492
South America,,2005,13522083564
South America,,2006,14614573908
South America,,2007,16335089408
South America,,2008,26274391000
South America,,2009,31604501984
South America,,2010,43440527416
South America,,2011,43695565408
South America,,2012,43780103400
South America,,2013,43958732840
South America,,2014,44213347992
South America,,2015,43862739976
South America,,2016,43917619152
South America,,2017,43907375512
South America,,2018,44135160784
South America,,2019,44066584320
South America,,2020,43961497668
South Sudan,SSD,2012,477400000
South Sudan,SSD,2013,477400000
South Sudan,SSD,2014,477400000
South Sudan,SSD,2015,477400000
South Sudan,SSD,2016,477400000
South Sudan,SSD,2017,477400000
South Sudan,SSD,2018,477400000
South Sudan,SSD,2019,477400000
South Sudan,SSD,2020,477400000
South and Central America (EI),,1980,3592395716.8
South and Central America (EI),,1981,3656214276
South and Central America (EI),,1982,4357359107.2
South and Central America (EI),,1983,4508492353.2
South and Central America (EI),,1984,4888283012.8
South and Central America (EI),,1985,8512628520
South and Central America (EI),,1986,8738186380
South and Central America (EI),,1987,9200918469.6
South and Central America (EI),,1988,9358468108
South and Central America (EI),,1989,9397350292
South and Central America (EI),,1990,9679152010
South and Central America (EI),,1991,10083088334
South and Central America (EI),,1992,10559622876
South and Central America (EI),,1993,10797797736
South and Central America (EI),,1994,10916308876
South and Central America (EI),,1995,11230106624
South and Central America (EI),,1996,12181221778
South and Central America (EI),,1997,12536792708
South and Central America (EI),,1998,12801058160
South and Central America (EI),,1999,13085964478.400002
South and Central America (EI),,2000,13095811740
South and Central America (EI),,2001,13315921784
South and Central America (EI),,2002,13503435638
South and Central America (EI),,2003,13512307776
South and Central America (EI),,2004,13907104481.599998
South and Central America (EI),,2005,13832148589.6
South and Central America (EI),,2006,14837991652
South and Central America (EI),,2007,16565810826.4
South and Central America (EI),,2008,26498367984
South and Central America (EI),,2009,31822641048
South and Central America (EI),,2010,43658680120
South and Central America (EI),,2011,43878286848
South and Central America (EI),,2012,43963366348
South and Central America (EI),,2013,44144322772
South and Central America (EI),,2014,44400246000
South and Central America (EI),,2015,44033207240
South and Central America (EI),,2016,44021940600
South and Central America (EI),,2017,44019003908
South and Central America (EI),,2018,44246515016
South and Central America (EI),,2019,44198174856
South and Central America (EI),,2020,44107138768
Sudan,SDN,1980,0
Sudan,SDN,1981,27280000
Sudan,SDN,1982,54560000
Sudan,SDN,1983,40920000
Sudan,SDN,1984,40920000
Sudan,SDN,1985,40920000
Sudan,SDN,1986,40920000
Sudan,SDN,1987,40920000
Sudan,SDN,1988,40920000
Sudan,SDN,1989,40920000
Sudan,SDN,1990,40920000
Sudan,SDN,1991,40920000
Sudan,SDN,1992,40920000
Sudan,SDN,1993,40920000
Sudan,SDN,1994,40920000
Sudan,SDN,1995,40920000
Sudan,SDN,1996,40920000
Sudan,SDN,1997,35750440
Sudan,SDN,1998,35750440
Sudan,SDN,1999,35750440
Sudan,SDN,2000,35750440
Sudan,SDN,2001,76793199.99999999
Sudan,SDN,2002,76793199.99999999
Sudan,SDN,2003,76793199.99999999
Sudan,SDN,2004,76793199.99999999
Sudan,SDN,2005,76793199.99999999
Sudan,SDN,2006,682000000
Sudan,SDN,2007,682000000
Sudan,SDN,2008,682000000
Sudan,SDN,2009,682000000
Sudan,SDN,2010,682000000
Sudan,SDN,2011,682000000
Sudan,SDN,2012,204600000
Sudan,SDN,2013,204600000
Sudan,SDN,2014,204600000
Sudan,SDN,2015,204600000
Sudan,SDN,2016,204600000
Sudan,SDN,2017,204600000
Sudan,SDN,2018,204600000
Sudan,SDN,2019,204600000
Sudan,SDN,2020,204600000
Syria,SYR,1980,198056619.20000002
Syria,SYR,1981,257796000
Syria,SYR,1982,238700000
Syria,SYR,1983,199144000
Syria,SYR,1984,190619000
Syria,SYR,1985,210056000
Syria,SYR,1986,220968000
Syria,SYR,1987,234608000
Syria,SYR,1988,245520000
Syria,SYR,1989,272800000
Syria,SYR,1990,256432000
Syria,SYR,1991,409200000
Syria,SYR,1992,409200000
Syria,SYR,1993,402380000
Syria,SYR,1994,361460000
Syria,SYR,1995,348965760
Syria,SYR,1996,334180000
Syria,SYR,1997,319858000
Syria,SYR,1998,313720000
Syria,SYR,1999,313720000
Syria,SYR,2000,317130000
Syria,SYR,2001,317130000
Syria,SYR,2002,310992000
Syria,SYR,2003,326678000
Syria,SYR,2004,430887600
Syria,SYR,2005,409200000
Syria,SYR,2006,409200000
Syria,SYR,2007,341000000
Syria,SYR,2008,341000000
Syria,SYR,2009,341000000
Syria,SYR,2010,341000000
Syria,SYR,2011,341000000
Syria,SYR,2012,341000000
Syria,SYR,2013,341000000
Syria,SYR,2014,341000000
Syria,SYR,2015,341000000
Syria,SYR,2016,341000000
Syria,SYR,2017,341000000
Syria,SYR,2018,341000000
Syria,SYR,2019,341000000
Syria,SYR,2020,341000000
Thailand,THA,1980,57151.6
Thailand,THA,1981,2074575.8
Thailand,THA,1982,4092000
Thailand,THA,1983,4092000
Thailand,THA,1984,7911200
Thailand,THA,1985,14867600
Thailand,THA,1986,14185600
Thailand,THA,1987,14185600
Thailand,THA,1988,14185600
Thailand,THA,1989,31467480
Thailand,THA,1990,35654960
Thailand,THA,1991,30008000
Thailand,THA,1992,24361040
Thailand,THA,1993,29748840
Thailand,THA,1994,31481120
Thailand,THA,1995,40265280
Thailand,THA,1996,32899680
Thailand,THA,1997,40415320
Thailand,THA,1998,52964120
Thailand,THA,1999,48895308
Thailand,THA,2000,70246000
Thailand,THA,2001,79657600
Thailand,THA,2002,94388800
Thailand,THA,2003,68200000
Thailand,THA,2004,71923720
Thailand,THA,2005,61789200
Thailand,THA,2006,62880400
Thailand,THA,2007,62880400
Thailand,THA,2008,61925600
Thailand,THA,2009,59334000
Thailand,THA,2010,60288800
Thailand,THA,2011,61826028
Thailand,THA,2012,61219048
Thailand,THA,2013,62989520
Thailand,THA,2014,55218812
Thailand,THA,2015,54063504
Thailand,THA,2016,47656796
Thailand,THA,2017,43989000
Thailand,THA,2018,39910640
Thailand,THA,2019,34475100
Thailand,THA,2020,34475100
Trinidad and Tobago,TTO,1980,77884400
Trinidad and Tobago,TTO,1981,77884400
Trinidad and Tobago,TTO,1982,86341200
Trinidad and Tobago,TTO,1983,73656000
Trinidad and Tobago,TTO,1984,77748000
Trinidad and Tobago,TTO,1985,83476800
Trinidad and Tobago,TTO,1986,76929600
Trinidad and Tobago,TTO,1987,84499800
Trinidad and Tobago,TTO,1988,83613200
Trinidad and Tobago,TTO,1989,84377040
Trinidad and Tobago,TTO,1990,82140080
Trinidad and Tobago,TTO,1991,78102640
Trinidad and Tobago,TTO,1992,73792400
Trinidad and Tobago,TTO,1993,76397640
Trinidad and Tobago,TTO,1994,76384000
Trinidad and Tobago,TTO,1995,89560240
Trinidad and Tobago,TTO,1996,98576280
Trinidad and Tobago,TTO,1997,96325680
Trinidad and Tobago,TTO,1998,100945548
Trinidad and Tobago,TTO,1999,111980308
Trinidad and Tobago,TTO,2000,116085948
Trinidad and Tobago,TTO,2001,130953548
Trinidad and Tobago,TTO,2002,153459548
Trinidad and Tobago,TTO,2003,121541948
Trinidad and Tobago,TTO,2004,110347600
Trinidad and Tobago,TTO,2005,109529200
Trinidad and Tobago,TTO,2006,108274320
Trinidad and Tobago,TTO,2007,118804400
Trinidad and Tobago,TTO,2008,113212000
Trinidad and Tobago,TTO,2009,113212000
Trinidad and Tobago,TTO,2010,113212000
Trinidad and Tobago,TTO,2011,113212000
Trinidad and Tobago,TTO,2012,113212000
Trinidad and Tobago,TTO,2013,113212000
Trinidad and Tobago,TTO,2014,113212000
Trinidad and Tobago,TTO,2015,99340120
Trinidad and Tobago,TTO,2016,33142744.8
Trinidad and Tobago,TTO,2017,33142744.8
Trinidad and Tobago,TTO,2018,33142744.8
Trinidad and Tobago,TTO,2019,33142744.8
Trinidad and Tobago,TTO,2020,33142744.8
Tunisia,TUN,1980,297432885.2
Tunisia,TUN,1981,339826960
Tunisia,TUN,1982,334411880
Tunisia,TUN,1983,343106016
Tunisia,TUN,1984,247566000
Tunisia,TUN,1985,242792000
Tunisia,TUN,1986,239054640
Tunisia,TUN,1987,235290000
Tunisia,TUN,1988,244156000
Tunisia,TUN,1989,245520000
Tunisia,TUN,1990,237145040
Tunisia,TUN,1991,54628200
Tunisia,TUN,1992,63767000
Tunisia,TUN,1993,50345240
Tunisia,TUN,1994,46103200
Tunisia,TUN,1995,51422800
Tunisia,TUN,1996,46376000
Tunisia,TUN,1997,42815960
Tunisia,TUN,1998,39556000
Tunisia,TUN,1999,42011200
Tunisia,TUN,2000,57997280
Tunisia,TUN,2001,71746400
Tunisia,TUN,2002,68336400
Tunisia,TUN,2003,88646360
Tunisia,TUN,2004,92847480
Tunisia,TUN,2005,76384000
Tunisia,TUN,2006,81294400
Tunisia,TUN,2007,81976400
Tunisia,TUN,2008,78702800
Tunisia,TUN,2009,57970000
Tunisia,TUN,2010,57970000
Tunisia,TUN,2011,57970000
Tunisia,TUN,2012,57970000
Tunisia,TUN,2013,57970000
Tunisia,TUN,2014,57970000
Tunisia,TUN,2015,57970000
Tunisia,TUN,2016,57970000
Tunisia,TUN,2017,57970000
Tunisia,TUN,2018,57970000
Tunisia,TUN,2019,57970000
Tunisia,TUN,2020,57970000
Turkmenistan,TKM,1991,74447120
Turkmenistan,TKM,1992,74447120
Turkmenistan,TKM,1993,74447120
Turkmenistan,TKM,1994,74447120
Turkmenistan,TKM,1995,74447120
Turkmenistan,TKM,1996,74447120
Turkmenistan,TKM,1997,74474400
Turkmenistan,TKM,1998,74474400
Turkmenistan,TKM,1999,74474400
Turkmenistan,TKM,2000,74474400
Turkmenistan,TKM,2001,74474400
Turkmenistan,TKM,2002,74474400
Turkmenistan,TKM,2003,74474400
Turkmenistan,TKM,2004,74474400
Turkmenistan,TKM,2005,74474400
Turkmenistan,TKM,2006,81840000
Turkmenistan,TKM,2007,81840000
Turkmenistan,TKM,2008,81840000
Turkmenistan,TKM,2009,81840000
Turkmenistan,TKM,2010,81840000
Turkmenistan,TKM,2011,81840000
Turkmenistan,TKM,2012,81840000
Turkmenistan,TKM,2013,81840000
Turkmenistan,TKM,2014,81840000
Turkmenistan,TKM,2015,81840000
Turkmenistan,TKM,2016,81840000
Turkmenistan,TKM,2017,81840000
Turkmenistan,TKM,2018,81840000
Turkmenistan,TKM,2019,81840000
Turkmenistan,TKM,2020,81840000
USSR,OWID_USS,1980,9138800000
USSR,OWID_USS,1981,8593200000
USSR,OWID_USS,1982,8593200000
USSR,OWID_USS,1983,8593200000
USSR,OWID_USS,1984,8593200000
USSR,OWID_USS,1985,8593200000
USSR,OWID_USS,1986,8320400000
USSR,OWID_USS,1987,8047600000
USSR,OWID_USS,1988,8047600000
USSR,OWID_USS,1989,7979400000
USSR,OWID_USS,1990,7965760000
United Arab Emirates,ARE,1980,4147924000
United Arab Emirates,ARE,1981,4388806400
United Arab Emirates,ARE,1982,4413085600
United Arab Emirates,ARE,1983,4411176000
United Arab Emirates,ARE,1984,4431636000
United Arab Emirates,ARE,1985,4499836000
United Arab Emirates,ARE,1986,13258489200
United Arab Emirates,ARE,1987,13381522000
United Arab Emirates,ARE,1988,13381522000
United Arab Emirates,ARE,1989,13381522000
United Arab Emirates,ARE,1990,13380840000
United Arab Emirates,ARE,1991,13380840000
United Arab Emirates,ARE,1992,13380840000
United Arab Emirates,ARE,1993,13380840000
United Arab Emirates,ARE,1994,13380840000
United Arab Emirates,ARE,1995,13380840000
United Arab Emirates,ARE,1996,13339920000
United Arab Emirates,ARE,1997,13339920000
United Arab Emirates,ARE,1998,13339920000
United Arab Emirates,ARE,1999,13339920000
United Arab Emirates,ARE,2000,13339920000
United Arab Emirates,ARE,2001,13339920000
United Arab Emirates,ARE,2002,13339920000
United Arab Emirates,ARE,2003,13339920000
United Arab Emirates,ARE,2004,13339920000
United Arab Emirates,ARE,2005,13339920000
United Arab Emirates,ARE,2006,13339920000
United Arab Emirates,ARE,2007,13339920000
United Arab Emirates,ARE,2008,13339920000
United Arab Emirates,ARE,2009,13339920000
United Arab Emirates,ARE,2010,13339920000
United Arab Emirates,ARE,2011,13339920000
United Arab Emirates,ARE,2012,13339920000
United Arab Emirates,ARE,2013,13339920000
United Arab Emirates,ARE,2014,13339920000
United Arab Emirates,ARE,2015,13339920000
United Arab Emirates,ARE,2016,13339920000
United Arab Emirates,ARE,2017,13339920000
United Arab Emirates,ARE,2018,13339920000
United Arab Emirates,ARE,2019,13339920000
United Arab Emirates,ARE,2020,13339920000
United Kingdom,GBR,1980,1150875000
United Kingdom,GBR,1981,1074150000
United Kingdom,GBR,1982,1017885000
United Kingdom,GBR,1983,946275000
United Kingdom,GBR,1984,818400000
United Kingdom,GBR,1985,767250000
United Kingdom,GBR,1986,726330000
United Kingdom,GBR,1987,705870000
United Kingdom,GBR,1988,583110000
United Kingdom,GBR,1989,521730000
United Kingdom,GBR,1990,547305000
United Kingdom,GBR,1991,567765000
United Kingdom,GBR,1992,624030000
United Kingdom,GBR,1993,618915000
United Kingdom,GBR,1994,588225000
United Kingdom,GBR,1995,618915000
United Kingdom,GBR,1996,680295000
United Kingdom,GBR,1997,705870000
United Kingdom,GBR,1998,700755000
United Kingdom,GBR,1999,680295000
United Kingdom,GBR,2000,644490000
United Kingdom,GBR,2001,618915000
United Kingdom,GBR,2002,608685000
United Kingdom,GBR,2003,584133000
United Kingdom,GBR,2004,545259000
United Kingdom,GBR,2005,527868000
United Kingdom,GBR,2006,490017000
United Kingdom,GBR,2007,462396000
United Kingdom,GBR,2008,417384000
United Kingdom,GBR,2009,386694000
United Kingdom,GBR,2010,382602000
United Kingdom,GBR,2011,422499000
United Kingdom,GBR,2012,414315000
United Kingdom,GBR,2013,413292000
United Kingdom,GBR,2014,382602000
United Kingdom,GBR,2015,346777549.36
United Kingdom,GBR,2016,315530819.12
United Kingdom,GBR,2017,341000000
United Kingdom,GBR,2018,368280000
United Kingdom,GBR,2019,341000000
United Kingdom,GBR,2020,341000000
United States,USA,1980,4983101200
United States,USA,1981,4977781600
United States,USA,1982,4784775600
United States,USA,1983,4860750400
United States,USA,1984,4922539600
United States,USA,1985,4959504000
United States,USA,1986,4781365600
United States,USA,1987,4828969200
United States,USA,1988,4782593200
United States,USA,1989,4674428000
United States,USA,1990,4615776000
United States,USA,1991,4384714400
United States,USA,1992,4255134400
United States,USA,1993,4116415600
United States,USA,1994,4041122800
United States,USA,1995,4057900000
United States,USA,1996,4070176000
United States,USA,1997,4162791600
United States,USA,1998,3895311200
United States,USA,1999,4047124400
United States,USA,2000,4145196000
United States,USA,2001,4151879600
United States,USA,2002,4183524400
United States,USA,2003,4003340000
United States,USA,2004,3996383600
United States,USA,2005,4081360800
United States,USA,2006,4016161600
United States,USA,2007,4154744000
United States,USA,2008,3873214400
United States,USA,2009,4210940800
United States,USA,2010,4772636000
United States,USA,2011,5425310000
United States,USA,2012,6026152000
United States,USA,2013,6610353200
United States,USA,2014,7496816800
United States,USA,2015,6545426800
United States,USA,2016,6815362400
United States,USA,2017,8352181200
United States,USA,2018,9397141600
United States,USA,2019,9378454800
United States,USA,2020,9378454800
Upper-middle-income countries,,1980,27945732936
Upper-middle-income countries,,1981,28805494872
Upper-middle-income countries,,1982,33425411976
Upper-middle-income countries,,1983,34663359280
Upper-middle-income countries,,1984,31780408880
Upper-middle-income countries,,1985,35434278440
Upper-middle-income countries,,1986,36502972440
Upper-middle-income countries,,1987,40487294188
Upper-middle-income countries,,1988,40553408632
Upper-middle-income countries,,1989,40285221680
Upper-middle-income countries,,1990,40496679872
Upper-middle-income countries,,1991,49902477416
Upper-middle-income countries,,1992,50373021952
Upper-middle-income countries,,1993,50402193820.00001
Upper-middle-income countries,,1994,50497203240
Upper-middle-income countries,,1995,51480405812
Upper-middle-income countries,,1996,54160129760
Upper-middle-income countries,,1997,56506089728
Upper-middle-income countries,,1998,57067761740
Upper-middle-income countries,,1999,54627092432
Upper-middle-income countries,,2000,55548900000
Upper-middle-income countries,,2001,55996379296
Upper-middle-income countries,,2002,56579887584
Upper-middle-income countries,,2003,56310193412
Upper-middle-income countries,,2004,56742481840
Upper-middle-income countries,,2005,56657890652
Upper-middle-income countries,,2006,57744799508
Upper-middle-income countries,,2007,62995930800
Upper-middle-income countries,,2008,72997310760
Upper-middle-income countries,,2009,78578171320
Upper-middle-income countries,,2010,90758231652
Upper-middle-income countries,,2011,95013143720
Upper-middle-income countries,,2012,94815281880
Upper-middle-income countries,,2013,95506057856
Upper-middle-income countries,,2014,95265047240
Upper-middle-income countries,,2015,94698063812
Upper-middle-income countries,,2016,95831652840
Upper-middle-income countries,,2017,95591657040
Upper-middle-income countries,,2018,95555429200
Upper-middle-income countries,,2019,95475662480
Upper-middle-income countries,,2020,95370573100
Uzbekistan,UZB,1991,35764080
Uzbekistan,UZB,1992,35764080
Uzbekistan,UZB,1993,35764080
Uzbekistan,UZB,1994,35764080
Uzbekistan,UZB,1995,35736800
Uzbekistan,UZB,1996,81048880
Uzbekistan,UZB,1997,81021600
Uzbekistan,UZB,1998,81021600
Uzbekistan,UZB,1999,81021600
Uzbekistan,UZB,2000,81021600
Uzbekistan,UZB,2001,81021600
Uzbekistan,UZB,2002,81021600
Uzbekistan,UZB,2003,81021600
Uzbekistan,UZB,2004,81021600
Uzbekistan,UZB,2005,81021600
Uzbekistan,UZB,2006,81021600
Uzbekistan,UZB,2007,81021600
Uzbekistan,UZB,2008,81021600
Uzbekistan,UZB,2009,81021600
Uzbekistan,UZB,2010,81021600
Uzbekistan,UZB,2011,81021600
Uzbekistan,UZB,2012,81021600
Uzbekistan,UZB,2013,81021600
Uzbekistan,UZB,2014,81021600
Uzbekistan,UZB,2015,81021600
Uzbekistan,UZB,2016,81021600
Uzbekistan,UZB,2017,81021600
Uzbekistan,UZB,2018,81021600
Uzbekistan,UZB,2019,81021600
Uzbekistan,UZB,2020,81021600
Venezuela,VEN,1980,2663892000
Venezuela,VEN,1981,2712723200
Venezuela,VEN,1982,3396360000
Venezuela,VEN,1983,3530986800
Venezuela,VEN,1984,3823019200
Venezuela,VEN,1985,7427525600
Venezuela,VEN,1986,7573064400
Venezuela,VEN,1987,7924976400
Venezuela,VEN,1988,7980082000
Venezuela,VEN,1989,8053056000
Venezuela,VEN,1990,8191365600
Venezuela,VEN,1991,8545323600
Venezuela,VEN,1992,8638212000
Venezuela,VEN,1993,8790707200
Venezuela,VEN,1994,8849222800
Venezuela,VEN,1995,9047275600
Venezuela,VEN,1996,9911778800
Venezuela,VEN,1997,10220588400
Venezuela,VEN,1998,10381131200
Venezuela,VEN,1999,10482067200
Venezuela,VEN,2000,10482067200
Venezuela,VEN,2001,10596234000
Venezuela,VEN,2002,10544674800
Venezuela,VEN,2003,10533626400
Venezuela,VEN,2004,10875035600
Venezuela,VEN,2005,10913636800
Venezuela,VEN,2006,11910993600
Venezuela,VEN,2007,13555022800
Venezuela,VEN,2008,23504857200
Venezuela,VEN,2009,28803997200
Venezuela,VEN,2010,40442736400
Venezuela,VEN,2011,40588684400
Venezuela,VEN,2012,40611054000
Venezuela,VEN,2013,40695376480
Venezuela,VEN,2014,40913616480
Venezuela,VEN,2015,41039800120
Venezuela,VEN,2016,41226954560
Venezuela,VEN,2017,41303011200
Venezuela,VEN,2018,41439105664
Venezuela,VEN,2019,41439105664
Venezuela,VEN,2020,41439105664
Vietnam,VNM,1980,0
Vietnam,VNM,1981,0
Vietnam,VNM,1982,0
Vietnam,VNM,1983,0
Vietnam,VNM,1984,0
Vietnam,VNM,1985,0
Vietnam,VNM,1986,0
Vietnam,VNM,1987,2987160
Vietnam,VNM,1988,6970040
Vietnam,VNM,1989,14935800
Vietnam,VNM,1990,27382300
Vietnam,VNM,1991,32736000
Vietnam,VNM,1992,47740000
Vietnam,VNM,1993,81321680
Vietnam,VNM,1994,87118680
Vietnam,VNM,1995,104257340
Vietnam,VNM,1996,121396000
Vietnam,VNM,1997,170008960
Vietnam,VNM,1998,259160000
Vietnam,VNM,1999,245520000
Vietnam,VNM,2000,265980000
Vietnam,VNM,2001,300080000
Vietnam,VNM,2002,383556800
Vietnam,VNM,2003,403744000
Vietnam,VNM,2004,420657600
Vietnam,VNM,2005,425459889.36
Vietnam,VNM,2006,443300000
Vietnam,VNM,2007,465124000
Vietnam,VNM,2008,645172000
Vietnam,VNM,2009,613800000
Vietnam,VNM,2010,600160000
Vietnam,VNM,2011,600160000
Vietnam,VNM,2012,600160000
Vietnam,VNM,2013,600160000
Vietnam,VNM,2014,600160000
Vietnam,VNM,2015,600160000
Vietnam,VNM,2016,600160000
Vietnam,VNM,2017,600160000
Vietnam,VNM,2018,600160000
Vietnam,VNM,2019,600160000
Vietnam,VNM,2020,600160000
World,OWID_WRL,1980,93109504400
World,OWID_WRL,1981,94271706056
World,OWID_WRL,1982,98513134984
World,OWID_WRL,1983,100136586880
World,OWID_WRL,1984,101803744064
World,OWID_WRL,1985,105608499304
World,OWID_WRL,1986,119975544040
World,OWID_WRL,1987,124274835212
World,OWID_WRL,1988,136330550576
World,OWID_WRL,1989,136423829080
World,OWID_WRL,1990,136523551120
World,OWID_WRL,1991,146336753640
World,OWID_WRL,1992,146883294800
World,OWID_WRL,1993,146813498920
World,OWID_WRL,1994,148697564840
World,OWID_WRL,1995,149863293800
World,OWID_WRL,1996,152939045600
World,OWID_WRL,1997,156748561200
World,OWID_WRL,1998,157900363720
World,OWID_WRL,1999,174627995960
World,OWID_WRL,2000,177446047240
World,OWID_WRL,2001,178302611960
World,OWID_WRL,2002,185105275520
World,OWID_WRL,2003,185273743160
World,OWID_WRL,2004,186222691600
World,OWID_WRL,2005,187208181600
World,OWID_WRL,2006,188677441480
World,OWID_WRL,2007,193459611840
World,OWID_WRL,2008,203085318920
World,OWID_WRL,2009,208731392320
World,OWID_WRL,2010,223271345880
World,OWID_WRL,2011,228369009440
World,OWID_WRL,2012,229638511520
World,OWID_WRL,2013,230774464360
World,OWID_WRL,2014,231121275000
World,OWID_WRL,2015,229684382840
World,OWID_WRL,2016,230554382960
World,OWID_WRL,2017,235722565320
World,OWID_WRL,2018,236810041600
World,OWID_WRL,2019,236628152200
World,OWID_WRL,2020,236294749680
Yemen,YEM,1980,0
Yemen,YEM,1981,0
Yemen,YEM,1982,0
Yemen,YEM,1983,0
Yemen,YEM,1984,0
Yemen,YEM,1985,68200000
Yemen,YEM,1986,68200000
Yemen,YEM,1987,143220000
Yemen,YEM,1988,272800000
Yemen,YEM,1989,272800000
Yemen,YEM,1990,272800000
Yemen,YEM,1991,274164000
Yemen,YEM,1992,274164000
Yemen,YEM,1993,270890400
Yemen,YEM,1994,270890400
Yemen,YEM,1995,270890400
Yemen,YEM,1996,270890400
Yemen,YEM,1997,249475600
Yemen,YEM,1998,252340000
Yemen,YEM,1999,252340000
Yemen,YEM,2000,327360000
Yemen,YEM,2001,327360000
Yemen,YEM,2002,389422000
Yemen,YEM,2003,388740000
Yemen,YEM,2004,409200000
Yemen,YEM,2005,398383480
Yemen,YEM,2006,379192000
Yemen,YEM,2007,364188000
Yemen,YEM,2008,364188000
Yemen,YEM,2009,409200000
Yemen,YEM,2010,409200000
Yemen,YEM,2011,409200000
Yemen,YEM,2012,409200000
Yemen,YEM,2013,409200000
Yemen,YEM,2014,409200000
Yemen,YEM,2015,409200000
Yemen,YEM,2016,409200000
Yemen,YEM,2017,409200000
Yemen,YEM,2018,409200000
Yemen,YEM,2019,409200000
Yemen,YEM,2020,409200000