year,iso3c,working_age_pop_pct
1990,AUS,66.901
1991,AUS,66.812
1992,AUS,66.731
1993,AUS,66.635
1994,AUS,66.58
1995,AUS,66.571
1996,AUS,66.601
1997,AUS,66.643
1998,AUS,66.707
1999,AUS,66.768
2000,AUS,66.852
2001,AUS,66.903
2002,AUS,67.016
2003,AUS,67.136
2004,AUS,67.224
2005,AUS,67.313
2006,AUS,67.403
2007,AUS,67.43
2008,AUS,67.5
2009,AUS,67.505
2010,AUS,67.386
2011,AUS,67.227
2012,AUS,66.93
2013,AUS,66.671
2014,AUS,66.425
2015,AUS,66.183
2016,AUS,65.918
2017,AUS,65.745
2018,AUS,65.574
2019,AUS,65.406
2020,AUS,65.125
2021,AUS,64.715
2022,AUS,64.645
2023,AUS,64.956
2024,AUS,65.099
1990,AUT,67.542
1991,AUT,67.483
1992,AUT,67.395
1993,AUT,67.288
1994,AUT,67.16
1995,AUT,67.058
1996,AUT,67.043
1997,AUT,67.109
1998,AUT,67.212
1999,AUT,67.355
2000,AUT,67.531
2001,AUT,67.719
2002,AUT,67.925
2003,AUT,68.125
2004,AUT,68.057
2005,AUT,67.74
2006,AUT,67.56
2007,AUT,67.454
2008,AUT,67.483
2009,AUT,67.455
2010,AUT,67.486
2011,AUT,67.681
2012,AUT,67.563
2013,AUT,67.437
2014,AUT,67.281
2015,AUT,67.223
2016,AUT,67.138
2017,AUT,66.97
2018,AUT,66.794
2019,AUT,66.623
2020,AUT,66.437
2021,AUT,66.238
2022,AUT,66.021
2023,AUT,65.874
2024,AUT,65.584
1990,BEL,66.956
1991,BEL,66.72
1992,BEL,66.519
1993,BEL,66.375
1994,BEL,66.261
1995,BEL,66.133
1996,BEL,65.998
1997,BEL,65.868
1998,BEL,65.752
1999,BEL,65.665
2000,BEL,65.591
2001,BEL,65.555
2002,BEL,65.562
2003,BEL,65.581
2004,BEL,65.59
2005,BEL,65.647
2006,BEL,65.809
2007,BEL,65.983
2008,BEL,66.046
2009,BEL,65.989
2010,BEL,65.896
2011,BEL,65.72
2012,BEL,65.478
2013,BEL,65.249
2014,BEL,65.012
2015,BEL,64.811
2016,BEL,64.631
2017,BEL,64.43
2018,BEL,64.237
2019,BEL,64.062
2020,BEL,63.944
2021,BEL,63.851
2022,BEL,63.76
2023,BEL,63.704
2024,BEL,63.638
1990,CAN,68.026
1991,CAN,67.871
1992,CAN,67.701
1993,CAN,67.606
1994,CAN,67.603
1995,CAN,67.644
1996,CAN,67.697
1997,CAN,67.792
1998,CAN,67.891
1999,CAN,68.079
2000,CAN,68.276
2001,CAN,68.497
2002,CAN,68.698
2003,CAN,68.861
2004,CAN,69.037
2005,CAN,69.255
2006,CAN,69.398
2007,CAN,69.459
2008,CAN,69.438
2009,CAN,69.39
2010,CAN,69.329
2011,CAN,69.184
2012,CAN,68.842
2013,CAN,68.477
2014,CAN,68.121
2015,CAN,67.744
2016,CAN,67.357
2017,CAN,67.018
2018,CAN,66.727
2019,CAN,66.436
2020,CAN,66.06
2021,CAN,65.65
2022,CAN,65.526
2023,CAN,65.71
2024,CAN,65.887
1990,CHL,64.009
1991,CHL,63.963
1992,CHL,63.997
1993,CHL,64.02
1994,CHL,64.042
1995,CHL,64.094
1996,CHL,64.2
1997,CHL,64.365
1998,CHL,64.566
1999,CHL,64.781
2000,CHL,65.015
2001,CHL,65.269
2002,CHL,65.568
2003,CHL,65.942
2004,CHL,66.409
2005,CHL,66.896
2006,CHL,67.394
2007,CHL,67.807
2008,CHL,68.124
2009,CHL,68.367
2010,CHL,68.549
2011,CHL,68.687
2012,CHL,68.786
2013,CHL,68.846
2014,CHL,68.876
2015,CHL,68.828
2016,CHL,68.743
2017,CHL,68.726
2018,CHL,68.742
2019,CHL,68.732
2020,CHL,68.668
2021,CHL,68.471
2022,CHL,68.228
2023,CHL,68.002
2024,CHL,67.803
1990,COL,60.859
1991,COL,60.953
1992,COL,61.049
1993,COL,61.152
1994,COL,61.289
1995,COL,61.449
1996,COL,61.627
1997,COL,61.816
1998,COL,62.011
1999,COL,62.21
2000,COL,62.416
2001,COL,62.632
2002,COL,62.866
2003,COL,63.125
2004,COL,63.415
2005,COL,63.745
2006,COL,64.082
2007,COL,64.432
2008,COL,64.782
2009,COL,65.13
2010,COL,65.472
2011,COL,65.798
2012,COL,66.1
2013,COL,66.37
2014,COL,66.608
2015,COL,66.812
2016,COL,66.979
2017,COL,67.099
2018,COL,67.169
2019,COL,67.226
2020,COL,67.429
2021,COL,67.556
2022,COL,67.672
2023,COL,67.732
2024,COL,67.753
1990,CRI,57.555
1991,CRI,57.513
1992,CRI,57.627
1993,CRI,57.821
1994,CRI,58.15
1995,CRI,58.475
1996,CRI,58.925
1997,CRI,59.39
1998,CRI,59.896
1999,CRI,60.427
2000,CRI,61.119
2001,CRI,61.811
2002,CRI,62.518
2003,CRI,63.122
2004,CRI,63.779
2005,CRI,64.421
2006,CRI,64.978
2007,CRI,65.469
2008,CRI,65.918
2009,CRI,66.335
2010,CRI,66.775
2011,CRI,67.057
2012,CRI,67.345
2013,CRI,67.552
2014,CRI,67.727
2015,CRI,67.861
2016,CRI,68.011
2017,CRI,68.043
2018,CRI,68.096
2019,CRI,68.179
2020,CRI,68.269
2021,CRI,68.416
2022,CRI,68.577
2023,CRI,68.696
2024,CRI,68.719
1990,CZE,66.039
1991,CZE,66.459
1992,CZE,66.905
1993,CZE,67.342
1994,CZE,67.784
1995,CZE,68.184
1996,CZE,68.502
1997,CZE,68.802
1998,CZE,69.103
1999,CZE,69.418
2000,CZE,69.752
2001,CZE,70.109
2002,CZE,70.388
2003,CZE,70.681
2004,CZE,70.93
2005,CZE,71.085
2006,CZE,71.178
2007,CZE,71.207
2008,CZE,71.091
2009,CZE,70.772
2010,CZE,70.307
2011,CZE,69.504
2012,CZE,68.741
2013,CZE,67.986
2014,CZE,67.295
2015,CZE,66.632
2016,CZE,65.966
2017,CZE,65.318
2018,CZE,64.76
2019,CZE,64.288
2020,CZE,63.923
2021,CZE,63.352
2022,CZE,63.422
2023,CZE,63.546
2024,CZE,63.712
1990,DNK,67.354
1991,DNK,67.459
1992,DNK,67.467
1993,DNK,67.468
1994,DNK,67.444
1995,DNK,67.381
1996,DNK,67.289
1997,DNK,67.135
1998,DNK,66.989
1999,DNK,66.834
2000,DNK,66.669
2001,DNK,66.52
2002,DNK,66.402
2003,DNK,66.289
2004,DNK,66.189
2005,DNK,66.12
2006,DNK,66.086
2007,DNK,66.019
2008,DNK,65.893
2009,DNK,65.692
2010,DNK,65.419
2011,DNK,65.082
2012,DNK,64.788
2013,DNK,64.576
2014,DNK,64.448
2015,DNK,64.365
2016,DNK,64.262
2017,DNK,64.132
2018,DNK,63.967
2019,DNK,63.856
2020,DNK,63.651
2021,DNK,63.518
2022,DNK,63.516
2023,DNK,63.544
2024,DNK,63.562
1990,EST,66.111
1991,EST,66.05
1992,EST,65.963
1993,EST,65.866
1994,EST,65.811
1995,EST,65.782
1996,EST,65.811
1997,EST,65.912
1998,EST,66.179
1999,EST,66.581
2000,EST,67.376
2001,EST,67.563
2002,EST,67.711
2003,EST,67.866
2004,EST,68.007
2005,EST,68.075
2006,EST,67.965
2007,EST,67.776
2008,EST,67.67
2009,EST,67.532
2010,EST,67.322
2011,EST,66.991
2012,EST,66.542
2013,EST,66.059
2014,EST,65.549
2015,EST,65.095
2016,EST,64.666
2017,EST,64.259
2018,EST,63.96
2019,EST,63.667
2020,EST,63.369
2021,EST,63.219
2022,EST,63.29
2023,EST,63.432
2024,EST,63.494
1990,FIN,67.3
1991,FIN,67.215
1992,FIN,67.137
1993,FIN,67.034
1994,FIN,66.897
1995,FIN,66.755
1996,FIN,66.671
1997,FIN,66.676
1998,FIN,66.782
1999,FIN,66.894
2000,FIN,66.929
2001,FIN,66.919
2002,FIN,66.883
2003,FIN,66.825
2004,FIN,66.73
2005,FIN,66.703
2006,FIN,66.599
2007,FIN,66.535
2008,FIN,66.565
2009,FIN,66.454
2010,FIN,66.183
2011,FIN,65.691
2012,FIN,65.107
2013,FIN,64.505
2014,FIN,63.933
2015,FIN,63.436
2016,FIN,63.03
2017,FIN,62.657
2018,FIN,62.317
2019,FIN,62.064
2020,FIN,61.849
2021,FIN,61.671
2022,FIN,61.613
2023,FIN,61.707
2024,FIN,61.826
1990,FRA,65.881
1991,FRA,65.677
1992,FRA,65.531
1993,FRA,65.432
1994,FRA,65.352
1995,FRA,65.297
1996,FRA,65.266
1997,FRA,65.243
1998,FRA,65.198
1999,FRA,65.123
2000,FRA,65.046
2001,FRA,65
2002,FRA,64.989
2003,FRA,65.016
2004,FRA,65.04
2005,FRA,65.071
2006,FRA,65.13
2007,FRA,65.139
2008,FRA,65.046
2009,FRA,64.895
2010,FRA,64.753
2011,FRA,64.482
2012,FRA,64.061
2013,FRA,63.643
2014,FRA,63.21
2015,FRA,62.861
2016,FRA,62.562
2017,FRA,62.296
2018,FRA,62.08
2019,FRA,61.883
2020,FRA,61.741
2021,FRA,61.693
2022,FRA,61.667
2023,FRA,61.629
2024,FRA,61.584
1990,DEU,68.979
1991,DEU,68.767
1992,DEU,68.651
1993,DEU,68.526
1994,DEU,68.378
1995,DEU,68.286
1996,DEU,68.251
1997,DEU,68.24
1998,DEU,68.242
1999,DEU,68.151
2000,DEU,67.937
2001,DEU,67.726
2002,DEU,67.548
2003,DEU,67.361
2004,DEU,67.089
2005,DEU,66.768
2006,DEU,66.458
2007,DEU,66.243
2008,DEU,66.101
2009,DEU,65.94
2010,DEU,65.938
2011,DEU,65.845
2012,DEU,65.947
2013,DEU,65.966
2014,DEU,65.875
2015,DEU,65.749
2016,DEU,65.549
2017,DEU,65.254
2018,DEU,64.987
2019,DEU,64.704
2020,DEU,64.387
2021,DEU,64.065
2022,DEU,63.822
2023,DEU,63.707
2024,DEU,63.531
1990,GRC,66.926
1991,GRC,67.159
1992,GRC,67.363
1993,GRC,67.518
1994,GRC,67.639
1995,GRC,67.778
1996,GRC,67.9
1997,GRC,67.985
1998,GRC,68.04
1999,GRC,67.999
2000,GRC,67.863
2001,GRC,67.31
2002,GRC,66.773
2003,GRC,66.691
2004,GRC,66.653
2005,GRC,66.64
2006,GRC,66.657
2007,GRC,66.685
2008,GRC,66.648
2009,GRC,66.49
2010,GRC,66.229
2011,GRC,65.869
2012,GRC,65.46
2013,GRC,65.062
2014,GRC,64.72
2015,GRC,64.436
2016,GRC,64.161
2017,GRC,63.917
2018,GRC,63.723
2019,GRC,63.559
2020,GRC,63.396
2021,GRC,63.475
2022,GRC,63.667
2023,GRC,63.643
2024,GRC,63.549
1990,HUN,66.415
1991,HUN,66.756
1992,HUN,67.053
1993,HUN,67.314
1994,HUN,67.508
1995,HUN,67.631
1996,HUN,67.744
1997,HUN,67.86
1998,HUN,67.937
1999,HUN,68.038
2000,HUN,68.185
2001,HUN,68.349
2002,HUN,68.475
2003,HUN,68.576
2004,HUN,68.683
2005,HUN,68.765
2006,HUN,68.828
2007,HUN,68.836
2008,HUN,68.791
2009,HUN,68.705
2010,HUN,68.657
2011,HUN,68.648
2012,HUN,68.519
2013,HUN,68.251
2014,HUN,67.893
2015,HUN,67.516
2016,HUN,67.134
2017,HUN,66.797
2018,HUN,66.467
2019,HUN,66.017
2020,HUN,65.53
2021,HUN,65.189
2022,HUN,65.014
2023,HUN,64.903
2024,HUN,64.824
1990,ISL,64.412
1991,ISL,64.447
1992,ISL,64.383
1993,ISL,64.236
1994,ISL,64.243
1995,ISL,64.342
1996,ISL,64.461
1997,ISL,64.629
1998,ISL,64.845
1999,ISL,65.03
2000,ISL,65.143
2001,ISL,65.219
2002,ISL,65.307
2003,ISL,65.488
2004,ISL,65.755
2005,ISL,66.211
2006,ISL,66.837
2007,ISL,67.345
2008,ISL,67.527
2009,ISL,67.297
2010,ISL,66.933
2011,ISL,66.257
2012,ISL,66.082
2013,ISL,65.911
2014,ISL,65.766
2015,ISL,65.675
2016,ISL,65.757
2017,ISL,66.008
2018,ISL,66.221
2019,ISL,66.206
2020,ISL,65.973
2021,ISL,65.735
2022,ISL,65.803
2023,ISL,66.053
2024,ISL,66.209
1990,IRL,61.364
1991,IRL,61.897
1992,IRL,62.397
1993,IRL,62.931
1994,IRL,63.543
1995,IRL,64.202
1996,IRL,64.885
1997,IRL,65.553
1998,IRL,66.082
1999,IRL,66.525
2000,IRL,66.944
2001,IRL,67.318
2002,IRL,67.747
2003,IRL,67.924
2004,IRL,68.024
2005,IRL,68.253
2006,IRL,68.641
2007,IRL,69.03
2008,IRL,68.849
2009,IRL,68.34
2010,IRL,67.666
2011,IRL,67.031
2012,IRL,66.518
2013,IRL,66.128
2014,IRL,65.837
2015,IRL,65.613
2016,IRL,65.496
2017,IRL,65.438
2018,IRL,65.386
2019,IRL,65.374
2020,IRL,65.411
2021,IRL,65.415
2022,IRL,65.363
2023,IRL,65.58
2024,IRL,65.735
1990,ISR,59.628
1991,ISR,60.061
1992,ISR,60.4
1993,ISR,60.598
1994,ISR,60.758
1995,ISR,60.915
1996,ISR,60.857
1997,ISR,61.054
1998,ISR,61.246
1999,ISR,61.455
2000,ISR,61.625
2001,ISR,61.73
2002,ISR,61.764
2003,ISR,61.743
2004,ISR,61.726
2005,ISR,61.739
2006,ISR,61.767
2007,ISR,61.82
2008,ISR,62.117
2009,ISR,62.315
2010,ISR,62.152
2011,ISR,61.806
2012,ISR,61.554
2013,ISR,61.256
2014,ISR,61.017
2015,ISR,60.77
2016,ISR,60.517
2017,ISR,60.278
2018,ISR,60.098
2019,ISR,59.975
2020,ISR,59.884
2021,ISR,59.81
2022,ISR,59.796
2023,ISR,59.472
2024,ISR,59.18
1990,ITA,68.551
1991,ITA,68.869
1992,ITA,69.065
1993,ITA,68.953
1994,ITA,68.826
1995,ITA,68.619
1996,ITA,68.369
1997,ITA,68.147
1998,ITA,67.934
1999,ITA,67.702
2000,ITA,67.446
2001,ITA,67.198
2002,ITA,66.941
2003,ITA,66.725
2004,ITA,66.507
2005,ITA,66.205
2006,ITA,65.937
2007,ITA,65.797
2008,ITA,65.714
2009,ITA,65.601
2010,ITA,65.51
2011,ITA,65.309
2012,ITA,65.003
2013,ITA,64.724
2014,ITA,64.456
2015,ITA,64.261
2016,ITA,64.134
2017,ITA,64.047
2018,ITA,63.982
2019,ITA,63.877
2020,ITA,63.69
2021,ITA,63.541
2022,ITA,63.511
2023,ITA,63.492
2024,ITA,63.415
1990,JPN,69.681
1991,JPN,69.779
1992,JPN,69.782
1993,JPN,69.753
1994,JPN,69.608
1995,JPN,69.488
1996,JPN,69.25
1997,JPN,68.988
1998,JPN,68.72
1999,JPN,68.483
2000,JPN,68.053
2001,JPN,67.671
2002,JPN,67.255
2003,JPN,66.923
2004,JPN,66.629
2005,JPN,66.074
2006,JPN,65.533
2007,JPN,64.971
2008,JPN,64.451
2009,JPN,63.911
2010,JPN,63.826
2011,JPN,63.648
2012,JPN,62.875
2013,JPN,62.067
2014,JPN,61.26
2015,JPN,60.806
2016,JPN,60.353
2017,JPN,60.031
2018,JPN,59.8
2019,JPN,59.691
2020,JPN,59.525
2021,JPN,59.364
2022,JPN,59.392
2023,JPN,59.47
2024,JPN,59.554
1990,KOR,69.282
1991,KOR,69.685
1992,KOR,69.971
1993,KOR,70.197
1994,KOR,70.44
1995,KOR,70.742
1996,KOR,71.009
1997,KOR,71.357
1998,KOR,71.567
1999,KOR,71.692
2000,KOR,71.694
2001,KOR,71.663
2002,KOR,71.688
2003,KOR,71.76
2004,KOR,71.797
2005,KOR,71.891
2006,KOR,72.118
2007,KOR,72.321
2008,KOR,72.546
2009,KOR,72.811
2010,KOR,73.069
2011,KOR,73.393
2012,KOR,73.418
2013,KOR,73.398
2014,KOR,73.415
2015,KOR,73.398
2016,KOR,73.404
2017,KOR,73.151
2018,KOR,72.936
2019,KOR,72.69
2020,KOR,72.109
2021,KOR,71.57
2022,KOR,71.108
2023,KOR,70.721
2024,KOR,70.197
1990,LVA,66.733
1991,LVA,66.444
1992,LVA,66.018
1993,LVA,65.788
1994,LVA,65.696
1995,LVA,65.715
1996,LVA,65.829
1997,LVA,66.033
1998,LVA,66.414
1999,LVA,66.93
2000,LVA,67.366
2001,LVA,67.703
2002,LVA,67.982
2003,LVA,68.183
2004,LVA,68.329
2005,LVA,68.434
2006,LVA,68.437
2007,LVA,68.396
2008,LVA,68.245
2009,LVA,67.91
2010,LVA,67.578
2011,LVA,67.292
2012,LVA,66.972
2013,LVA,66.509
2014,LVA,65.924
2015,LVA,65.37
2016,LVA,64.83
2017,LVA,64.329
2018,LVA,63.983
2019,LVA,63.668
2020,LVA,63.343
2021,LVA,63.165
2022,LVA,63.099
2023,LVA,63.189
2024,LVA,63.057
1990,LTU,66.531
1991,LTU,66.359
1992,LTU,66.164
1993,LTU,65.988
1994,LTU,65.921
1995,LTU,65.886
1996,LTU,65.833
1997,LTU,65.794
1998,LTU,65.818
1999,LTU,65.953
2000,LTU,66.221
2001,LTU,66.472
2002,LTU,66.695
2003,LTU,66.903
2004,LTU,67.016
2005,LTU,67.109
2006,LTU,67.236
2007,LTU,67.423
2008,LTU,67.592
2009,LTU,67.682
2010,LTU,67.477
2011,LTU,67.189
2012,LTU,67.096
2013,LTU,67.008
2014,LTU,66.829
2015,LTU,66.525
2016,LTU,66.101
2017,LTU,65.607
2018,LTU,65.243
2019,LTU,65.053
2020,LTU,64.969
2021,LTU,65.193
2022,LTU,65.094
2023,LTU,65.095
2024,LTU,65.077
1990,LUX,69.227
1991,LUX,68.941
1992,LUX,68.625
1993,LUX,68.273
1994,LUX,67.912
1995,LUX,67.583
1996,LUX,67.318
1997,LUX,67.116
1998,LUX,66.961
1999,LUX,66.841
2000,LUX,66.989
2001,LUX,67.167
2002,LUX,67.141
2003,LUX,67.214
2004,LUX,67.302
2005,LUX,67.399
2006,LUX,67.564
2007,LUX,67.748
2008,LUX,67.973
2009,LUX,68.195
2010,LUX,68.411
2011,LUX,68.712
2012,LUX,68.968
2013,LUX,69.061
2014,LUX,69.126
2015,LUX,69.239
2016,LUX,69.415
2017,LUX,69.532
2018,LUX,69.548
2019,LUX,69.532
2020,LUX,69.465
2021,LUX,69.378
2022,LUX,69.307
2023,LUX,69.254
2024,LUX,69.163
1990,MEX,56.302
1991,MEX,56.749
1992,MEX,57.148
1993,MEX,57.513
1994,MEX,57.86
1995,MEX,58.202
1996,MEX,58.547
1997,MEX,58.895
1998,MEX,59.236
1999,MEX,59.562
2000,MEX,59.883
2001,MEX,60.217
2002,MEX,60.574
2003,MEX,60.945
2004,MEX,61.319
2005,MEX,61.699
2006,MEX,62.095
2007,MEX,62.495
2008,MEX,62.895
2009,MEX,63.28
2010,MEX,63.633
2011,MEX,63.958
2012,MEX,64.27
2013,MEX,64.581
2014,MEX,64.896
2015,MEX,65.216
2016,MEX,65.53
2017,MEX,65.819
2018,MEX,66.072
2019,MEX,66.289
2020,MEX,66.51
2021,MEX,66.752
2022,MEX,66.961
2023,MEX,67.136
2024,MEX,67.298
1990,NLD,68.925
1991,NLD,68.823
1992,NLD,68.714
1993,NLD,68.607
1994,NLD,68.485
1995,NLD,68.366
1996,NLD,68.276
1997,NLD,68.17
1998,NLD,68.042
1999,NLD,67.921
2000,NLD,67.819
2001,NLD,67.752
2002,NLD,67.715
2003,NLD,67.651
2004,NLD,67.559
2005,NLD,67.487
2006,NLD,67.448
2007,NLD,67.41
2008,NLD,67.33
2009,NLD,67.193
2010,NLD,67.039
2011,NLD,66.708
2012,NLD,66.233
2013,NLD,65.868
2014,NLD,65.598
2015,NLD,65.408
2016,NLD,65.278
2017,NLD,65.142
2018,NLD,65.019
2019,NLD,64.91
2020,NLD,64.774
2021,NLD,64.618
2022,NLD,64.504
2023,NLD,64.424
2024,NLD,64.307
1990,NZL,65.783
1991,NZL,65.709
1992,NZL,65.628
1993,NZL,65.499
1994,NZL,65.438
1995,NZL,65.402
1996,NZL,65.444
1997,NZL,65.468
1998,NZL,65.44
1999,NZL,65.444
2000,NZL,65.468
2001,NZL,65.525
2002,NZL,65.782
2003,NZL,66.089
2004,NZL,66.295
2005,NZL,66.456
2006,NZL,66.545
2007,NZL,66.463
2008,NZL,66.416
2009,NZL,66.312
2010,NZL,66.174
2011,NZL,65.995
2012,NZL,65.679
2013,NZL,65.45
2014,NZL,65.454
2015,NZL,65.583
2016,NZL,65.708
2017,NZL,65.708
2018,NZL,65.691
2019,NZL,65.521
2020,NZL,65.435
2021,NZL,65.059
2022,NZL,64.768
2023,NZL,65.041
2024,NZL,65.014
1990,NOR,64.747
1991,NOR,64.704
1992,NOR,64.643
1993,NOR,64.61
1994,NOR,64.598
1995,NOR,64.58
1996,NOR,64.56
1997,NOR,64.565
1998,NOR,64.627
1999,NOR,64.722
2000,NOR,64.829
2001,NOR,64.958
2002,NOR,65.118
2003,NOR,65.291
2004,NOR,65.462
2005,NOR,65.649
2006,NOR,65.876
2007,NOR,66.106
2008,NOR,66.259
2009,NOR,66.27
2010,NOR,66.208
2011,NOR,66.127
2012,NOR,66.03
2013,NOR,65.932
2014,NOR,65.838
2015,NOR,65.743
2016,NOR,65.609
2017,NOR,65.436
2018,NOR,65.275
2019,NOR,65.166
2020,NOR,65.059
2021,NOR,64.936
2022,NOR,64.881
2023,NOR,64.899
2024,NOR,64.913
1990,POL,65.19
1991,POL,65.558
1992,POL,65.925
1993,POL,66.276
1994,POL,66.602
1995,POL,66.921
1996,POL,67.231
1997,POL,67.54
1998,POL,67.848
1999,POL,68.026
2000,POL,68.314
2001,POL,68.795
2002,POL,69.197
2003,POL,69.622
2004,POL,69.984
2005,POL,70.322
2006,POL,70.641
2007,POL,70.928
2008,POL,71.151
2009,POL,71.269
2010,POL,71.313
2011,POL,71.221
2012,POL,70.904
2013,POL,70.51
2014,POL,70.021
2015,POL,69.506
2016,POL,68.911
2017,POL,68.244
2018,POL,67.553
2019,POL,66.895
2020,POL,66.114
2021,POL,65.7
2022,POL,65.322
2023,POL,65.005
2024,POL,64.81
1990,PRT,66.18
1991,PRT,66.545
1992,PRT,66.813
1993,PRT,67.017
1994,PRT,67.17
1995,PRT,67.31
1996,PRT,67.411
1997,PRT,67.463
1998,PRT,67.478
1999,PRT,67.473
2000,PRT,67.438
2001,PRT,67.34
2002,PRT,67.207
2003,PRT,67.077
2004,PRT,66.93
2005,PRT,66.807
2006,PRT,66.745
2007,PRT,66.713
2008,PRT,66.644
2009,PRT,66.514
2010,PRT,66.33
2011,PRT,65.976
2012,PRT,65.741
2013,PRT,65.496
2014,PRT,65.246
2015,PRT,65.054
2016,PRT,64.826
2017,PRT,64.55
2018,PRT,64.292
2019,PRT,64.008
2020,PRT,63.711
2021,PRT,63.461
2022,PRT,63.263
2023,PRT,63.128
2024,PRT,63.025
1990,SVK,64.428
1991,SVK,64.839
1992,SVK,65.181
1993,SVK,65.575
1994,SVK,66.05
1995,SVK,66.543
1996,SVK,67.006
1997,SVK,67.461
1998,SVK,67.971
1999,SVK,68.511
2000,SVK,69.061
2001,SVK,69.572
2002,SVK,70.119
2003,SVK,70.644
2004,SVK,71.08
2005,SVK,71.456
2006,SVK,71.799
2007,SVK,72.1
2008,SVK,72.331
2009,SVK,72.411
2010,SVK,72.341
2011,SVK,71.906
2012,SVK,71.669
2013,SVK,71.322
2014,SVK,70.933
2015,SVK,70.472
2016,SVK,69.886
2017,SVK,69.21
2018,SVK,68.542
2019,SVK,67.903
2020,SVK,67.308
2021,SVK,66.792
2022,SVK,66.307
2023,SVK,65.86
2024,SVK,65.529
1990,SVN,68.543
1991,SVN,68.753
1992,SVN,68.976
1993,SVN,69.12
1994,SVN,69.315
1995,SVN,69.291
1996,SVN,69.504
1997,SVN,69.725
1998,SVN,69.806
1999,SVN,69.91
2000,SVN,70.096
2001,SVN,70.131
2002,SVN,70.193
2003,SVN,70.353
2004,SVN,70.362
2005,SVN,70.296
2006,SVN,70.237
2007,SVN,70.06
2008,SVN,69.729
2009,SVN,69.527
2010,SVN,69.343
2011,SVN,69.143
2012,SVN,68.671
2013,SVN,68.183
2014,SVN,67.648
2015,SVN,67.054
2016,SVN,66.431
2017,SVN,65.864
2018,SVN,65.259
2019,SVN,64.898
2020,SVN,64.454
2021,SVN,64.004
2022,SVN,63.647
2023,SVN,63.512
2024,SVN,63.402
1990,ESP,66.54
1991,ESP,66.966
1992,ESP,67.359
1993,ESP,67.704
1994,ESP,68.013
1995,ESP,68.266
1996,ESP,68.459
1997,ESP,68.588
1998,ESP,68.642
1999,ESP,68.678
2000,ESP,68.647
2001,ESP,68.523
2002,ESP,68.564
2003,ESP,68.647
2004,ESP,68.834
2005,ESP,68.984
2006,ESP,68.875
2007,ESP,68.946
2008,ESP,68.825
2009,ESP,68.489
2010,ESP,68.092
2011,ESP,67.708
2012,ESP,67.379
2013,ESP,66.956
2014,ESP,66.576
2015,ESP,66.36
2016,ESP,66.196
2017,ESP,66.065
2018,ESP,66.019
2019,ESP,66.072
2020,ESP,66.168
2021,ESP,66.151
2022,ESP,66.193
2023,ESP,66.293
2024,ESP,66.378
1990,SWE,64.283
1991,SWE,64.123
1992,SWE,63.952
1993,SWE,63.801
1994,SWE,63.702
1995,SWE,63.682
1996,SWE,63.729
1997,SWE,63.817
1998,SWE,63.942
1999,SWE,64.109
2000,SWE,64.304
2001,SWE,64.512
2002,SWE,64.717
2003,SWE,64.915
2004,SWE,65.096
2005,SWE,65.314
2006,SWE,65.546
2007,SWE,65.67
2008,SWE,65.63
2009,SWE,65.437
2010,SWE,65.119
2011,SWE,64.7
2012,SWE,64.236
2013,SWE,63.76
2014,SWE,63.319
2015,SWE,62.96
2016,SWE,62.702
2017,SWE,62.523
2018,SWE,62.378
2019,SWE,62.274
2020,SWE,62.205
2021,SWE,62.155
2022,SWE,62.172
2023,SWE,62.253
2024,SWE,62.33
1990,CHE,68.336
1991,CHE,68.292
1992,CHE,68.098
1993,CHE,67.906
1994,CHE,67.751
1995,CHE,67.624
1996,CHE,67.508
1997,CHE,67.416
1998,CHE,67.36
1999,CHE,67.321
2000,CHE,67.302
2001,CHE,67.501
2002,CHE,67.615
2003,CHE,67.755
2004,CHE,67.873
2005,CHE,67.972
2006,CHE,68.042
2007,CHE,68.09
2008,CHE,68.121
2009,CHE,68.078
2010,CHE,67.958
2011,CHE,67.897
2012,CHE,67.743
2013,CHE,67.585
2014,CHE,67.421
2015,CHE,67.266
2016,CHE,67.099
2017,CHE,66.886
2018,CHE,66.642
2019,CHE,66.405
2020,CHE,66.216
2021,CHE,66.013
2022,CHE,65.824
2023,CHE,65.732
2024,CHE,65.662
1990,TUR,60.884
1991,TUR,61.201
1992,TUR,61.513
1993,TUR,61.819
1994,TUR,62.119
1995,TUR,62.412
1996,TUR,62.695
1997,TUR,62.969
1998,TUR,63.231
1999,TUR,63.481
2000,TUR,63.807
2001,TUR,64.229
2002,TUR,64.693
2003,TUR,65.18
2004,TUR,65.634
2005,TUR,66.031
2006,TUR,66.379
2007,TUR,66.674
2008,TUR,66.697
2009,TUR,66.945
2010,TUR,67.085
2011,TUR,67.272
2012,TUR,67.465
2013,TUR,67.641
2014,TUR,67.741
2015,TUR,67.759
2016,TUR,67.861
2017,TUR,67.934
2018,TUR,67.878
2019,TUR,67.829
2020,TUR,67.749
2021,TUR,67.769
2022,TUR,67.988
2023,TUR,68.227
2024,TUR,68.385
1990,GBR,65.268
1991,GBR,65.063
1992,GBR,64.839
1993,GBR,64.688
1994,GBR,64.664
1995,GBR,64.693
1996,GBR,64.746
1997,GBR,64.78
1998,GBR,64.838
1999,GBR,64.961
2000,GBR,65.168
2001,GBR,65.355
2002,GBR,65.526
2003,GBR,65.682
2004,GBR,65.825
2005,GBR,66.032
2006,GBR,66.26
2007,GBR,66.36
2008,GBR,66.306
2009,GBR,66.184
2010,GBR,66.036
2011,GBR,65.909
2012,GBR,65.425
2013,GBR,65.09
2014,GBR,64.818
2015,GBR,64.636
2016,GBR,64.458
2017,GBR,64.288
2018,GBR,64.18
2019,GBR,64.087
2020,GBR,64.061
2021,GBR,64.052
2022,GBR,63.99
2023,GBR,63.99
2024,GBR,64.311
1990,USA,65.791
1991,USA,65.588
1992,USA,65.475
1993,USA,65.374
1994,USA,65.365
1995,USA,65.434
1996,USA,65.535
1997,USA,65.711
1998,USA,65.888
1999,USA,66.043
2000,USA,66.208
2001,USA,66.403
2002,USA,66.594
2003,USA,66.739
2004,USA,66.922
2005,USA,67.119
2006,USA,67.263
2007,USA,67.298
2008,USA,67.219
2009,USA,67.171
2010,USA,67.128
2011,USA,67.095
2012,USA,66.783
2013,USA,66.551
2014,USA,66.318
2015,USA,66.114
2016,USA,65.881
2017,USA,65.623
2018,USA,65.355
2019,USA,65.081
2020,USA,65.076
2021,USA,64.913
2022,USA,64.731
2023,USA,64.544
2024,USA,64.312
1990,G20,63.233
1991,G20,63.317
1992,G20,63.425
1993,G20,63.534
1994,G20,63.671
1995,G20,63.847
1996,G20,64.063
1997,G20,64.34
1998,G20,64.621
1999,G20,64.893
2000,G20,65.162
2001,G20,65.479
2002,G20,65.839
2003,G20,66.201
2004,G20,66.562
2005,G20,66.926
2006,G20,67.228
2007,G20,67.444
2008,G20,67.612
2009,G20,67.75
2010,G20,67.872
2011,G20,67.959
2012,G20,67.949
2013,G20,67.917
2014,G20,67.854
2015,G20,67.787
2016,G20,67.702
2017,G20,67.578
2018,G20,67.455
2019,G20,67.359
2020,G20,67.404
2021,G20,67.386
2022,G20,67.402
2023,G20,67.444
2024,G20,67.55
1990,EU27,67.069
1991,EU27,67.149
1992,EU27,67.238
1993,EU27,67.29
1994,EU27,67.331
1995,EU27,67.369
1996,EU27,67.41
1997,EU27,67.448
1998,EU27,67.473
1999,EU27,67.465
2000,EU27,67.438
2001,EU27,67.402
2002,EU27,67.376
2003,EU27,67.386
2004,EU27,67.374
2005,EU27,67.331
2006,EU27,67.275
2007,EU27,67.259
2008,EU27,67.199
2009,EU27,67.062
2010,EU27,66.931
2011,EU27,66.705
2012,EU27,66.446
2013,EU27,66.157
2014,EU27,65.834
2015,EU27,65.55
2016,EU27,65.273
2017,EU27,64.984
2018,EU27,64.727
2019,EU27,64.487
2020,EU27,64.235
2021,EU27,64.033
2022,EU27,63.902
2023,EU27,63.831
2024,EU27,63.759
1990,OECD,65.691
1991,OECD,65.722
1992,OECD,65.754
1993,OECD,65.768
1994,OECD,65.798
1995,OECD,65.856
1996,OECD,65.913
1997,OECD,65.994
1998,OECD,66.07
1999,OECD,66.134
2000,OECD,66.179
2001,OECD,66.244
2002,OECD,66.319
2003,OECD,66.407
2004,OECD,66.498
2005,OECD,66.564
2006,OECD,66.619
2007,OECD,66.648
2008,OECD,66.619
2009,OECD,66.575
2010,OECD,66.564
2011,OECD,66.514
2012,OECD,66.292
2013,OECD,66.081
2014,OECD,65.866
2015,OECD,65.704
2016,OECD,65.541
2017,OECD,65.37
2018,OECD,65.211
2019,OECD,65.064
2020,OECD,64.962
2021,OECD,64.84
2022,OECD,64.777
2023,OECD,64.754
2024,OECD,64.713
1990,ARG,60.951
1991,ARG,61.009
1992,ARG,61.087
1993,ARG,61.19
1994,ARG,61.302
1995,ARG,61.425
1996,ARG,61.566
1997,ARG,61.716
1998,ARG,61.871
1999,ARG,62.026
2000,ARG,62.174
2001,ARG,62.328
2002,ARG,62.496
2003,ARG,62.69
2004,ARG,62.897
2005,ARG,63.096
2006,ARG,63.291
2007,ARG,63.49
2008,ARG,63.664
2009,ARG,63.802
2010,ARG,63.917
2011,ARG,63.99
2012,ARG,64.042
2013,ARG,64.083
2014,ARG,64.092
2015,ARG,64.081
2016,ARG,64.084
2017,ARG,64.114
2018,ARG,64.163
2019,ARG,64.27
2020,ARG,64.507
2021,ARG,64.843
2022,ARG,65.215
2023,ARG,65.606
2024,ARG,65.98
1990,BRA,59.882
1991,BRA,60.215
1992,BRA,60.566
1993,BRA,60.946
1994,BRA,61.363
1995,BRA,61.821
1996,BRA,62.314
1997,BRA,62.843
1998,BRA,63.381
1999,BRA,63.891
2000,BRA,63.996
2001,BRA,64.467
2002,BRA,64.939
2003,BRA,65.39
2004,BRA,65.816
2005,BRA,66.212
2006,BRA,66.592
2007,BRA,66.97
2008,BRA,67.321
2009,BRA,67.651
2010,BRA,67.986
2011,BRA,68.324
2012,BRA,68.642
2013,BRA,68.934
2014,BRA,69.162
2015,BRA,69.306
2016,BRA,69.419
2017,BRA,69.456
2018,BRA,69.431
2019,BRA,69.377
2020,BRA,69.305
2021,BRA,69.202
2022,BRA,69.052
2023,BRA,68.884
2024,BRA,68.699
1990,BGR,66.498
1991,BGR,66.539
1992,BGR,66.652
1993,BGR,66.772
1994,BGR,66.916
1995,BGR,67.085
1996,BGR,67.293
1997,BGR,67.527
1998,BGR,67.739
1999,BGR,67.898
2000,BGR,68.034
2001,BGR,68.112
2002,BGR,68.233
2003,BGR,68.512
2004,BGR,68.778
2005,BGR,68.987
2006,BGR,69.105
2007,BGR,69.108
2008,BGR,69.006
2009,BGR,68.805
2010,BGR,68.493
2011,BGR,68.043
2012,BGR,67.516
2013,BGR,66.97
2014,BGR,66.415
2015,BGR,65.878
2016,BGR,65.395
2017,BGR,64.956
2018,BGR,64.525
2019,BGR,64.131
2020,BGR,63.878
2021,BGR,63.809
2022,BGR,63.09
2023,BGR,62.222
2024,BGR,62.058
1990,CHN,65.857
1991,CHN,65.898
1992,CHN,66.021
1993,CHN,66.121
1994,CHN,66.28
1995,CHN,66.513
1996,CHN,66.824
1997,CHN,67.26
1998,CHN,67.662
1999,CHN,68.012
2000,CHN,68.438
2001,CHN,68.98
2002,CHN,69.67
2003,CHN,70.377
2004,CHN,71.076
2005,CHN,71.816
2006,CHN,72.354
2007,CHN,72.617
2008,CHN,72.778
2009,CHN,72.856
2010,CHN,72.864
2011,CHN,72.799
2012,CHN,72.613
2013,CHN,72.338
2014,CHN,72.005
2015,CHN,71.628
2016,CHN,71.204
2017,CHN,70.666
2018,CHN,70.155
2019,CHN,69.741
2020,CHN,69.4
2021,CHN,69.212
2022,CHN,69.096
2023,CHN,69.094
2024,CHN,69.327
1990,HRV,68.602
1991,HRV,68.577
1992,HRV,68.519
1993,HRV,68.463
1994,HRV,68.395
1995,HRV,68.279
1996,HRV,68.098
1997,HRV,67.889
1998,HRV,67.66
1999,HRV,67.424
2000,HRV,67.167
2001,HRV,66.961
2002,HRV,66.814
2003,HRV,66.798
2004,HRV,66.815
2005,HRV,66.719
2006,HRV,66.713
2007,HRV,66.691
2008,HRV,66.713
2009,HRV,66.763
2010,HRV,66.865
2011,HRV,67.078
2012,HRV,66.969
2013,HRV,66.847
2014,HRV,66.544
2015,HRV,66.148
2016,HRV,65.762
2017,HRV,65.276
2018,HRV,64.675
2019,HRV,64.214
2020,HRV,63.698
2021,HRV,63.359
2022,HRV,63.069
2023,HRV,62.963
2024,HRV,62.892
1990,CYP,63.208
1991,CYP,63.355
1992,CYP,63.501
1993,CYP,63.666
1994,CYP,63.858
1995,CYP,64.142
1996,CYP,64.482
1997,CYP,64.838
1998,CYP,65.278
1999,CYP,65.753
2000,CYP,66.203
2001,CYP,66.626
2002,CYP,67.034
2003,CYP,67.459
2004,CYP,67.861
2005,CYP,68.246
2006,CYP,68.618
2007,CYP,69.09
2008,CYP,69.639
2009,CYP,70.074
2010,CYP,70.377
2011,CYP,70.589
2012,CYP,70.547
2013,CYP,70.135
2014,CYP,69.412
2015,CYP,68.696
2016,CYP,68.286
2017,CYP,68.013
2018,CYP,67.828
2019,CYP,67.709
2020,CYP,67.585
2021,CYP,67.469
2022,CYP,67.323
2023,CYP,67.113
2024,CYP,66.874
1990,IND,57.402
1991,IND,57.591
1992,IND,57.79
1993,IND,57.998
1994,IND,58.218
1995,IND,58.468
1996,IND,58.751
1997,IND,59.052
1998,IND,59.368
1999,IND,59.701
2000,IND,60.036
2001,IND,60.372
2002,IND,60.703
2003,IND,61.037
2004,IND,61.394
2005,IND,61.763
2006,IND,62.149
2007,IND,62.548
2008,IND,62.937
2009,IND,63.325
2010,IND,63.717
2011,IND,64.108
2012,IND,64.491
2013,IND,64.877
2014,IND,65.256
2015,IND,65.618
2016,IND,65.973
2017,IND,66.327
2018,IND,66.653
2019,IND,66.944
2020,IND,67.238
2021,IND,67.549
2022,IND,67.813
2023,IND,68.021
2024,IND,68.23
1990,IDN,60.081
1991,IDN,60.533
1992,IDN,60.975
1993,IDN,61.423
1994,IDN,61.866
1995,IDN,62.293
1996,IDN,62.695
1997,IDN,63.081
1998,IDN,63.461
1999,IDN,63.839
2000,IDN,64.184
2001,IDN,64.469
2002,IDN,64.718
2003,IDN,64.966
2004,IDN,65.209
2005,IDN,65.41
2006,IDN,65.58
2007,IDN,65.733
2008,IDN,65.878
2009,IDN,66.037
2010,IDN,66.196
2011,IDN,66.346
2012,IDN,66.492
2013,IDN,66.647
2014,IDN,66.807
2015,IDN,66.952
2016,IDN,67.078
2017,IDN,67.198
2018,IDN,67.314
2019,IDN,67.422
2020,IDN,69.284
2021,IDN,69.248
2022,IDN,69.198
2023,IDN,69.132
2024,IDN,69.051
1990,MLT,66.092
1991,MLT,66.244
1992,MLT,66.401
1993,MLT,66.607
1994,MLT,66.907
1995,MLT,67.245
1996,MLT,67.05
1997,MLT,66.817
1998,MLT,67.084
1999,MLT,67.37
2000,MLT,67.723
2001,MLT,68.039
2002,MLT,68.296
2003,MLT,68.588
2004,MLT,68.895
2005,MLT,69.085
2006,MLT,69.331
2007,MLT,69.78
2008,MLT,70.075
2009,MLT,69.965
2010,MLT,69.548
2011,MLT,69.044
2012,MLT,68.553
2013,MLT,68.073
2014,MLT,67.71
2015,MLT,67.511
2016,MLT,67.348
2017,MLT,67.43
2018,MLT,67.863
2019,MLT,68.412
2020,MLT,68.535
2021,MLT,68.26
2022,MLT,68.421
2023,MLT,69.007
2024,MLT,69.646
1990,ROU,66.091
1991,ROU,66.23
1992,ROU,66.467
1993,ROU,66.827
1994,ROU,67.166
1995,ROU,67.496
1996,ROU,67.815
1997,ROU,68.002
1998,ROU,68.063
1999,ROU,68.193
2000,ROU,68.397
2001,ROU,68.451
2002,ROU,68.301
2003,ROU,68.314
2004,ROU,68.356
2005,ROU,68.339
2006,ROU,68.309
2007,ROU,68.266
2008,ROU,68.155
2009,ROU,68.081
2010,ROU,68.058
2011,ROU,68.034
2012,ROU,68.03
2013,ROU,67.989
2014,ROU,67.713
2015,ROU,67.289
2016,ROU,66.864
2017,ROU,66.402
2018,ROU,65.962
2019,ROU,65.518
2020,ROU,65.062
2021,ROU,64.578
2022,ROU,64.2
2023,ROU,64.079
2024,ROU,64.075
1990,RUS,67.009
1991,RUS,66.847
1992,RUS,66.688
1993,RUS,66.62
1994,RUS,66.656
1995,RUS,66.769
1996,RUS,67.019
1997,RUS,67.436
1998,RUS,68.076
1999,RUS,68.872
2000,RUS,69.575
2001,RUS,70.141
2002,RUS,70.569
2003,RUS,70.831
2004,RUS,70.984
2005,RUS,71.116
2006,RUS,71.242
2007,RUS,71.414
2008,RUS,71.68
2009,RUS,71.925
2010,RUS,72.051
2011,RUS,71.898
2012,RUS,71.456
2013,RUS,70.928
2014,RUS,70.263
2015,RUS,69.554
2016,RUS,68.899
2017,RUS,68.317
2018,RUS,67.843
2019,RUS,67.381
2020,RUS,66.934
2021,RUS,66.605
2022,RUS,66.287
2023,RUS,65.903
2024,RUS,65.573
1990,SAU,55.048
1991,SAU,55.281
1992,SAU,55.565
1993,SAU,55.895
1994,SAU,56.279
1995,SAU,56.72
1996,SAU,57.211
1997,SAU,57.749
1998,SAU,58.326
1999,SAU,58.944
2000,SAU,59.484
2001,SAU,60.082
2002,SAU,60.956
2003,SAU,62.039
2004,SAU,63.258
2005,SAU,64.539
2006,SAU,65.813
2007,SAU,67.022
2008,SAU,68.129
2009,SAU,69.117
2010,SAU,69.119
2011,SAU,70.324
2012,SAU,71.163
2013,SAU,72.18
2014,SAU,72.285
2015,SAU,72.876
2016,SAU,73.059
2017,SAU,72.678
2018,SAU,71.835
2019,SAU,71.525
2020,SAU,72.313
2021,SAU,71.787
2022,SAU,72.809
2023,SAU,73.786
2024,SAU,74.75
1990,SGP,71.029
1991,SGP,70.945
1992,SGP,70.927
1993,SGP,70.787
1994,SGP,70.684
1995,SGP,70.635
1996,SGP,70.677
1997,SGP,70.715
1998,SGP,70.781
1999,SGP,70.82
2000,SGP,70.888
2001,SGP,70.905
2002,SGP,71.04
2003,SGP,71.347
2004,SGP,71.665
2005,SGP,71.884
2006,SGP,72.18
2007,SGP,72.536
2008,SGP,72.902
2009,SGP,73.272
2010,SGP,73.678
2011,SGP,73.885
2012,SGP,73.68
2013,SGP,73.479
2014,SGP,73.143
2015,SGP,72.785
2016,SGP,72.449
2017,SGP,71.981
2018,SGP,71.485
2019,SGP,70.872
2020,SGP,70.264
2021,SGP,69.495
2022,SGP,69.067
2023,SGP,68.68
2024,SGP,68.168
1990,ZAF,58.315
1991,ZAF,58.53
1992,ZAF,58.444
1993,ZAF,58.756
1994,ZAF,58.761
1995,ZAF,58.318
1996,ZAF,58.13
1997,ZAF,58.267
1998,ZAF,58.879
1999,ZAF,59.588
2000,ZAF,60.349
2001,ZAF,61.146
2002,ZAF,62.118
2003,ZAF,62.88
2004,ZAF,63.54
2005,ZAF,64.07
2006,ZAF,64.497
2007,ZAF,64.819
2008,ZAF,65.061
2009,ZAF,65.243
2010,ZAF,65.401
2011,ZAF,65.489
2012,ZAF,65.499
2013,ZAF,65.456
2014,ZAF,65.43
2015,ZAF,65.433
2016,ZAF,65.431
2017,ZAF,65.424
2018,ZAF,65.359
2019,ZAF,65.369
2020,ZAF,65.419
2021,ZAF,65.475
2022,ZAF,65.602
2023,ZAF,65.773
2024,ZAF,65.946
1990,W,60.917
1991,W,61.005
1992,W,61.101
1993,W,61.198
1994,W,61.326
1995,W,61.497
1996,W,61.702
1997,W,61.949
1998,W,62.222
1999,W,62.499
2000,W,62.785
2001,W,63.079
2002,W,63.384
2003,W,63.684
2004,W,63.982
2005,W,64.282
2006,W,64.538
2007,W,64.737
2008,W,64.902
2009,W,65.037
2010,W,65.152
2011,W,65.226
2012,W,65.238
2013,W,65.217
2014,W,65.176
2015,W,65.126
2016,W,65.073
2017,W,64.997
2018,W,64.925
2019,W,64.872
2020,W,64.849
2021,W,64.878
2022,W,64.925
2023,W,64.983
2024,W,65.079
1950,AUS,65.283
1951,AUS,64.736
1952,AUS,64.263
1953,AUS,63.648
1954,AUS,63.087
1955,AUS,62.578
1956,AUS,62.19
1957,AUS,61.887
1958,AUS,61.499
1959,AUS,61.361
1960,AUS,61.28
1961,AUS,61.177
1962,AUS,61.413
1963,AUS,61.529
1964,AUS,61.657
1965,AUS,61.852
1966,AUS,62.016
1967,AUS,62.244
1968,AUS,62.523
1969,AUS,62.707
1970,AUS,62.827
1971,AUS,62.979
1972,AUS,63.085
1973,AUS,63.261
1974,AUS,63.524
1975,AUS,63.786
1976,AUS,64.085
1977,AUS,64.409
1978,AUS,64.693
1979,AUS,64.947
1980,AUS,65.13
1981,AUS,65.285
1982,AUS,65.466
1983,AUS,65.656
1984,AUS,65.919
1985,AUS,66.136
1986,AUS,66.403
1987,AUS,66.634
1988,AUS,66.79
1989,AUS,66.865
1950,AUT,66.794
1951,AUT,66.471
1952,AUT,66.112
1953,AUT,65.812
1954,AUT,65.865
1955,AUT,66.244
1956,AUT,66.508
1957,AUT,66.504
1958,AUT,66.358
1959,AUT,66.155
1960,AUT,65.733
1961,AUT,65.155
1962,AUT,64.73
1963,AUT,64.387
1964,AUT,63.941
1965,AUT,63.467
1966,AUT,63.008
1967,AUT,62.561
1968,AUT,62.146
1969,AUT,61.786
1970,AUT,61.56
1971,AUT,61.468
1972,AUT,61.496
1973,AUT,61.628
1974,AUT,61.756
1975,AUT,61.897
1976,AUT,62.211
1977,AUT,62.635
1978,AUT,63.094
1979,AUT,63.592
1980,AUT,64.178
1981,AUT,64.916
1982,AUT,65.719
1983,AUT,66.537
1984,AUT,67.184
1985,AUT,67.513
1986,AUT,67.648
1987,AUT,67.674
1988,AUT,67.618
1989,AUT,67.568
1950,BEL,68.04
1951,BEL,67.779
1952,BEL,67.519
1953,BEL,67.269
1954,BEL,67.023
1955,BEL,66.673
1956,BEL,66.196
1957,BEL,65.66
1958,BEL,65.217
1959,BEL,64.84
1960,BEL,64.5
1961,BEL,64.145
1962,BEL,63.889
1963,BEL,63.8
1964,BEL,63.678
1965,BEL,63.494
1966,BEL,63.292
1967,BEL,63.129
1968,BEL,63.052
1969,BEL,63.03
1970,BEL,63.017
1971,BEL,63.046
1972,BEL,63.149
1973,BEL,63.292
1974,BEL,63.531
1975,BEL,63.861
1976,BEL,64.217
1977,BEL,64.58
1978,BEL,64.901
1979,BEL,65.228
1980,BEL,65.634
1981,BEL,65.944
1982,BEL,66.305
1983,BEL,66.828
1984,BEL,67.242
1985,BEL,67.422
1986,BEL,67.435
1987,BEL,67.411
1988,BEL,67.32
1989,BEL,67.163
1950,CAN,62.756
1951,CAN,62.023
1952,CAN,61.58
1953,CAN,61.191
1954,CAN,60.744
1955,CAN,60.282
1956,CAN,59.885
1957,CAN,59.618
1958,CAN,59.247
1959,CAN,59.003
1960,CAN,58.76
1961,CAN,58.511
1962,CAN,58.488
1963,CAN,58.518
1964,CAN,58.711
1965,CAN,59.004
1966,CAN,59.765
1967,CAN,60.343
1968,CAN,60.941
1969,CAN,61.528
1970,CAN,62.138
1971,CAN,62.683
1972,CAN,63.335
1973,CAN,64.012
1974,CAN,64.715
1975,CAN,65.36
1976,CAN,65.956
1977,CAN,66.469
1978,CAN,66.993
1979,CAN,67.458
1980,CAN,67.862
1981,CAN,68.132
1982,CAN,68.28
1983,CAN,68.376
1984,CAN,68.439
1985,CAN,68.451
1986,CAN,68.498
1987,CAN,68.372
1988,CAN,68.261
1989,CAN,68.169
1950,CHL,59.028
1951,CHL,58.694
1952,CHL,58.359
1953,CHL,58.024
1954,CHL,57.689
1955,CHL,57.353
1956,CHL,57.027
1957,CHL,56.701
1958,CHL,56.375
1959,CHL,56.05
1960,CHL,55.726
1961,CHL,55.493
1962,CHL,55.26
1963,CHL,55.026
1964,CHL,54.793
1965,CHL,54.56
1966,CHL,54.716
1967,CHL,54.865
1968,CHL,55.006
1969,CHL,55.139
1970,CHL,55.264
1971,CHL,55.764
1972,CHL,56.259
1973,CHL,56.75
1974,CHL,57.237
1975,CHL,57.719
1976,CHL,58.473
1977,CHL,59.222
1978,CHL,59.965
1979,CHL,60.702
1980,CHL,61.431
1981,CHL,61.813
1982,CHL,62.194
1983,CHL,62.572
1984,CHL,62.949
1985,CHL,63.323
1986,CHL,63.458
1987,CHL,63.594
1988,CHL,63.731
1989,CHL,63.87
1950,COL,53.7
1951,COL,53.679
1952,COL,53.615
1953,COL,53.52
1954,COL,53.401
1955,COL,53.266
1956,COL,53.121
1957,COL,52.974
1958,COL,52.832
1959,COL,52.697
1960,COL,52.572
1961,COL,52.461
1962,COL,52.37
1963,COL,52.304
1964,COL,52.267
1965,COL,52.269
1966,COL,52.308
1967,COL,52.401
1968,COL,52.55
1969,COL,52.766
1970,COL,53.046
1971,COL,53.393
1972,COL,53.806
1973,COL,54.289
1974,COL,54.822
1975,COL,55.386
1976,COL,55.964
1977,COL,56.541
1978,COL,57.118
1979,COL,57.674
1980,COL,58.203
1981,COL,58.695
1982,COL,59.145
1983,COL,59.555
1984,COL,59.908
1985,COL,59.823
1986,COL,60.146
1987,COL,60.404
1988,COL,60.603
1989,COL,60.75
1950,CRI,53.839
1951,CRI,53.613
1952,CRI,53.348
1953,CRI,53.085
1954,CRI,52.717
1955,CRI,52.311
1956,CRI,51.879
1957,CRI,51.449
1958,CRI,51.165
1959,CRI,50.823
1960,CRI,50.596
1961,CRI,50.241
1962,CRI,50.073
1963,CRI,49.954
1964,CRI,49.89
1965,CRI,49.94
1966,CRI,50.024
1967,CRI,50.235
1968,CRI,50.553
1969,CRI,51.057
1970,CRI,51.664
1971,CRI,52.245
1972,CRI,52.886
1973,CRI,53.468
1974,CRI,54.174
1975,CRI,54.832
1976,CRI,55.597
1977,CRI,56.146
1978,CRI,56.618
1979,CRI,57.04
1980,CRI,57.416
1981,CRI,57.756
1982,CRI,58.05
1983,CRI,58.278
1984,CRI,58.359
1985,CRI,58.199
1986,CRI,58.013
1987,CRI,57.843
1988,CRI,57.763
1989,CRI,57.651
1950,CZE,67.39
1951,CZE,66.729
1952,CZE,66.143
1953,CZE,65.622
1954,CZE,65.241
1955,CZE,64.924
1956,CZE,64.715
1957,CZE,64.561
1958,CZE,64.59
1959,CZE,64.786
1960,CZE,64.571
1961,CZE,65.233
1962,CZE,65.704
1963,CZE,66.032
1964,CZE,66.14
1965,CZE,66.2
1966,CZE,66.333
1967,CZE,66.485
1968,CZE,66.595
1969,CZE,66.683
1970,CZE,67.022
1971,CZE,66.535
1972,CZE,66.38
1973,CZE,66.052
1974,CZE,65.425
1975,CZE,64.789
1976,CZE,64.211
1977,CZE,63.705
1978,CZE,63.32
1979,CZE,63.102
1980,CZE,63.185
1981,CZE,63.445
1982,CZE,63.858
1983,CZE,64.321
1984,CZE,64.663
1985,CZE,64.791
1986,CZE,64.861
1987,CZE,64.96
1988,CZE,65.171
1989,CZE,65.557
1950,DNK,64.674
1951,DNK,64.403
1952,DNK,64.189
1953,DNK,64.005
1954,DNK,63.842
1955,DNK,63.687
1956,DNK,63.528
1957,DNK,63.499
1958,DNK,63.638
1959,DNK,63.88
1960,DNK,64.198
1961,DNK,64.522
1962,DNK,64.805
1963,DNK,64.944
1964,DNK,64.923
1965,DNK,64.821
1966,DNK,64.653
1967,DNK,64.491
1968,DNK,64.412
1969,DNK,64.393
1970,DNK,64.434
1971,DNK,64.412
1972,DNK,64.306
1973,DNK,64.228
1974,DNK,64.129
1975,DNK,64.011
1976,DNK,63.975
1977,DNK,64.027
1978,DNK,64.163
1979,DNK,64.404
1980,DNK,64.743
1981,DNK,65.199
1982,DNK,65.653
1983,DNK,65.996
1984,DNK,66.276
1985,DNK,66.474
1986,DNK,66.646
1987,DNK,66.881
1988,DNK,67.078
1989,DNK,67.208
1950,EST,64.02
1951,EST,64.473
1952,EST,64.915
1953,EST,65.353
1954,EST,65.711
1955,EST,65.946
1956,EST,66.128
1957,EST,66.271
1958,EST,66.493
1959,EST,66.497
1960,EST,66.157
1961,EST,65.931
1962,EST,65.901
1963,EST,65.95
1964,EST,66.043
1965,EST,66.117
1966,EST,66.215
1967,EST,66.299
1968,EST,66.251
1969,EST,66.199
1970,EST,66.231
1971,EST,66.14
1972,EST,65.986
1973,EST,65.94
1974,EST,65.933
1975,EST,65.925
1976,EST,65.94
1977,EST,65.937
1978,EST,65.925
1979,EST,65.895
1980,EST,65.865
1981,EST,65.93
1982,EST,66.062
1983,EST,66.129
1984,EST,66.202
1985,EST,66.361
1986,EST,66.457
1987,EST,66.453
1988,EST,66.371
1989,EST,66.222
1950,FIN,63.595
1951,FIN,63.214
1952,FIN,62.9
1953,FIN,62.692
1954,FIN,62.595
1955,FIN,62.409
1956,FIN,62.343
1957,FIN,62.249
1958,FIN,62.077
1959,FIN,62.09
1960,FIN,62.292
1961,FIN,62.788
1962,FIN,63.405
1963,FIN,63.974
1964,FIN,64.428
1965,FIN,64.819
1966,FIN,65.143
1967,FIN,65.449
1968,FIN,65.754
1969,FIN,65.986
1970,FIN,66.231
1971,FIN,66.57
1972,FIN,66.899
1973,FIN,67.139
1974,FIN,67.295
1975,FIN,67.372
1976,FIN,67.407
1977,FIN,67.422
1978,FIN,67.485
1979,FIN,67.598
1980,FIN,67.715
1981,FIN,67.865
1982,FIN,67.993
1983,FIN,68.06
1984,FIN,68.126
1985,FIN,68.106
1986,FIN,67.973
1987,FIN,67.831
1988,FIN,67.622
1989,FIN,67.419
1950,FRA,65.912
1951,FRA,65.522
1952,FRA,65.144
1953,FRA,64.772
1954,FRA,64.407
1955,FRA,63.989
1956,FRA,63.509
1957,FRA,63.045
1958,FRA,62.663
1959,FRA,62.31
1960,FRA,61.991
1961,FRA,61.852
1962,FRA,61.998
1963,FRA,62.189
1964,FRA,62.249
1965,FRA,62.284
1966,FRA,62.278
1967,FRA,62.241
1968,FRA,62.233
1969,FRA,62.259
1970,FRA,62.301
1971,FRA,62.314
1972,FRA,62.323
1973,FRA,62.362
1974,FRA,62.464
1975,FRA,62.595
1976,FRA,62.778
1977,FRA,62.969
1978,FRA,63.141
1979,FRA,63.358
1980,FRA,63.698
1981,FRA,64.221
1982,FRA,64.752
1983,FRA,65.229
1984,FRA,65.661
1985,FRA,65.85
1986,FRA,65.871
1987,FRA,65.93
1988,FRA,65.982
1989,FRA,65.977
1950,DEU,66.95
1951,DEU,67.185
1952,DEU,67.318
1953,DEU,67.509
1954,DEU,67.797
1955,DEU,68.132
1956,DEU,68.384
1957,DEU,68.239
1958,DEU,67.925
1959,DEU,67.676
1960,DEU,67.237
1961,DEU,66.59
1962,DEU,66.001
1963,DEU,65.518
1964,DEU,65.037
1965,DEU,64.637
1966,DEU,64.243
1967,DEU,63.763
1968,DEU,63.394
1969,DEU,63.253
1970,DEU,63.132
1971,DEU,63.039
1972,DEU,63.084
1973,DEU,63.244
1974,DEU,63.429
1975,DEU,63.64
1976,DEU,63.977
1977,DEU,64.358
1978,DEU,64.778
1979,DEU,65.282
1980,DEU,65.914
1981,DEU,66.725
1982,DEU,67.613
1983,DEU,68.478
1984,DEU,69.14
1985,DEU,69.423
1986,DEU,69.484
1987,DEU,69.473
1988,DEU,69.364
1989,DEU,69.197
1950,GRC,64.563
1951,GRC,64.87
1952,GRC,65.343
1953,GRC,65.773
1954,GRC,66.094
1955,GRC,66.301
1956,GRC,66.269
1957,GRC,66.034
1958,GRC,65.822
1959,GRC,65.742
1960,GRC,65.771
1961,GRC,65.516
1962,GRC,65.679
1963,GRC,65.671
1964,GRC,65.515
1965,GRC,65.406
1966,GRC,65.376
1967,GRC,65.34
1968,GRC,65.22
1969,GRC,64.919
1970,GRC,64.297
1971,GRC,63.924
1972,GRC,63.915
1973,GRC,63.884
1974,GRC,63.843
1975,GRC,63.885
1976,GRC,63.879
1977,GRC,63.778
1978,GRC,63.74
1979,GRC,63.769
1980,GRC,64.046
1981,GRC,64.411
1982,GRC,64.724
1983,GRC,65.087
1984,GRC,65.408
1985,GRC,65.749
1986,GRC,65.585
1987,GRC,65.916
1988,GRC,66.249
1989,GRC,66.608
1950,HUN,67.263
1951,HUN,67.053
1952,HUN,66.873
1953,HUN,66.653
1954,HUN,66.328
1955,HUN,66.043
1956,HUN,65.75
1957,HUN,65.537
1958,HUN,65.507
1959,HUN,65.58
1960,HUN,65.647
1961,HUN,65.606
1962,HUN,65.706
1963,HUN,65.93
1964,HUN,66.149
1965,HUN,66.387
1966,HUN,66.604
1967,HUN,66.735
1968,HUN,66.913
1969,HUN,67.245
1970,HUN,67.635
1971,HUN,67.93
1972,HUN,67.985
1973,HUN,67.849
1974,HUN,67.527
1975,HUN,67.037
1976,HUN,66.534
1977,HUN,66.001
1978,HUN,65.503
1979,HUN,64.95
1980,HUN,64.641
1981,HUN,64.832
1982,HUN,65.226
1983,HUN,65.75
1984,HUN,66.099
1985,HUN,66.147
1986,HUN,66.099
1987,HUN,66.05
1988,HUN,66.044
1989,HUN,66.138
1950,ISL,61.855
1951,ISL,61.331
1952,ISL,60.746
1953,ISL,60.173
1954,ISL,59.632
1955,ISL,59.076
1956,ISL,58.451
1957,ISL,57.964
1958,ISL,57.641
1959,ISL,57.311
1960,ISL,57.043
1961,ISL,56.861
1962,ISL,56.789
1963,ISL,56.82
1964,ISL,56.913
1965,ISL,57.054
1966,ISL,57.247
1967,ISL,57.482
1968,ISL,57.8
1969,ISL,58.17
1970,ISL,58.57
1971,ISL,59.009
1972,ISL,59.448
1973,ISL,59.83
1974,ISL,60.261
1975,ISL,60.779
1976,ISL,61.191
1977,ISL,61.568
1978,ISL,61.997
1979,ISL,62.349
1980,ISL,62.625
1981,ISL,62.933
1982,ISL,63.204
1983,ISL,63.346
1984,ISL,63.492
1985,ISL,63.648
1986,ISL,63.776
1987,ISL,64.011
1988,ISL,64.307
1989,ISL,64.427
1950,IRL,60.65
1951,IRL,60.44
1952,IRL,60.158
1953,IRL,59.881
1954,IRL,59.598
1955,IRL,59.304
1956,IRL,59.034
1957,IRL,58.767
1958,IRL,58.495
1959,IRL,58.227
1960,IRL,57.961
1961,IRL,57.694
1962,IRL,57.669
1963,IRL,57.646
1964,IRL,57.626
1965,IRL,57.608
1966,IRL,57.583
1967,IRL,57.603
1968,IRL,57.616
1969,IRL,57.634
1970,IRL,57.636
1971,IRL,57.662
1972,IRL,57.797
1973,IRL,57.917
1974,IRL,58.046
1975,IRL,58.183
1976,IRL,58.309
1977,IRL,58.443
1978,IRL,58.573
1979,IRL,58.696
1980,IRL,58.836
1981,IRL,58.977
1982,IRL,59.218
1983,IRL,59.466
1984,IRL,59.725
1985,IRL,59.969
1986,IRL,60.202
1987,IRL,60.451
1988,IRL,60.716
1989,IRL,60.937
1950,ISR,66.609
1951,ISR,65.453
1952,ISR,64.289
1953,ISR,63.426
1954,ISR,62.655
1955,ISR,61.84
1956,ISR,60.967
1957,ISR,60.289
1958,ISR,59.909
1959,ISR,59.743
1960,ISR,59.059
1961,ISR,58.894
1962,ISR,59.237
1963,ISR,59.265
1964,ISR,59.443
1965,ISR,59.533
1966,ISR,59.965
1967,ISR,60.325
1968,ISR,60.131
1969,ISR,60.217
1970,ISR,60.222
1971,ISR,60.152
1972,ISR,60.053
1973,ISR,59.947
1974,ISR,59.724
1975,ISR,59.378
1976,ISR,59.002
1977,ISR,58.655
1978,ISR,58.384
1979,ISR,58.211
1980,ISR,58.145
1981,ISR,58.175
1982,ISR,58.226
1983,ISR,58.316
1984,ISR,58.568
1985,ISR,58.642
1986,ISR,58.777
1987,ISR,58.948
1988,ISR,59.097
1989,ISR,59.296
1950,ITA,65.424
1951,ITA,65.693
1952,ITA,65.754
1953,ITA,65.93
1954,ITA,66.106
1955,ITA,66.27
1956,ITA,66.361
1957,ITA,66.319
1958,ITA,66.238
1959,ITA,66.107
1960,ITA,65.923
1961,ITA,65.871
1962,ITA,65.952
1963,ITA,66.007
1964,ITA,65.929
1965,ITA,65.735
1966,ITA,65.502
1967,ITA,65.22
1968,ITA,64.97
1969,ITA,64.749
1970,ITA,64.535
1971,ITA,64.349
1972,ITA,64.174
1973,ITA,63.979
1974,ITA,63.8
1975,ITA,63.718
1976,ITA,63.734
1977,ITA,63.796
1978,ITA,63.927
1979,ITA,64.195
1980,ITA,64.579
1981,ITA,65.118
1982,ITA,65.79
1983,ITA,66.501
1984,ITA,67.167
1985,ITA,67.561
1986,ITA,67.786
1987,ITA,68.023
1988,ITA,68.217
1989,ITA,68.396
1950,JPN,59.646
1951,JPN,59.942
1952,JPN,60.294
1953,JPN,60.671
1954,JPN,60.888
1955,JPN,61.245
1956,JPN,61.974
1957,JPN,62.761
1958,JPN,63.418
1959,JPN,64.066
1960,JPN,64.123
1961,JPN,64.292
1962,JPN,65.269
1963,JPN,66.344
1964,JPN,67.358
1965,JPN,67.982
1966,JPN,68.642
1967,JPN,68.878
1968,JPN,69.004
1969,JPN,69.003
1970,JPN,68.905
1971,JPN,68.706
1972,JPN,68.463
1973,JPN,68.17
1974,JPN,67.918
1975,JPN,67.75
1976,JPN,67.553
1977,JPN,67.404
1978,JPN,67.328
1979,JPN,67.303
1980,JPN,67.386
1981,JPN,67.246
1982,JPN,67.476
1983,JPN,67.712
1984,JPN,68.013
1985,JPN,68.183
1986,JPN,68.518
1987,JPN,68.859
1988,JPN,69.238
1989,JPN,69.566
1950,KOR,54.405
1951,KOR,54.502
1952,KOR,54.863
1953,KOR,55.393
1954,KOR,55.857
1955,KOR,56.18
1956,KOR,56.381
1957,KOR,56.465
1958,KOR,56.338
1959,KOR,55.987
1960,KOR,54.766
1961,KOR,54.141
1962,KOR,53.776
1963,KOR,53.537
1964,KOR,53.328
1965,KOR,53.113
1966,KOR,52.973
1967,KOR,53.113
1968,KOR,53.33
1969,KOR,53.758
1970,KOR,54.404
1971,KOR,54.935
1972,KOR,55.52
1973,KOR,56.231
1974,KOR,57.02
1975,KOR,57.96
1976,KOR,59.003
1977,KOR,59.951
1978,KOR,60.851
1979,KOR,61.608
1980,KOR,62.21
1981,KOR,62.753
1982,KOR,63.266
1983,KOR,63.88
1984,KOR,64.695
1985,KOR,65.577
1986,KOR,66.442
1987,KOR,67.27
1988,KOR,68.002
1989,KOR,68.635
1950,LVA,64.895
1951,LVA,65.239
1952,LVA,65.625
1953,LVA,66.051
1954,LVA,66.442
1955,LVA,66.695
1956,LVA,66.823
1957,LVA,66.857
1958,LVA,66.806
1959,LVA,67.059
1960,LVA,67.188
1961,LVA,66.898
1962,LVA,66.763
1963,LVA,66.746
1964,LVA,66.783
1965,LVA,66.804
1966,LVA,66.807
1967,LVA,66.777
1968,LVA,66.649
1969,LVA,66.507
1970,LVA,66.34
1971,LVA,66.274
1972,LVA,66.124
1973,LVA,66.111
1974,LVA,66.171
1975,LVA,66.222
1976,LVA,66.308
1977,LVA,66.401
1978,LVA,66.491
1979,LVA,66.537
1980,LVA,66.575
1981,LVA,66.708
1982,LVA,66.889
1983,LVA,66.969
1984,LVA,66.992
1985,LVA,67.063
1986,LVA,67.085
1987,LVA,67.033
1988,LVA,66.906
1989,LVA,66.782
1950,LTU,63.631
1951,LTU,64.028
1952,LTU,64.319
1953,LTU,64.547
1954,LTU,64.726
1955,LTU,64.845
1956,LTU,64.902
1957,LTU,64.88
1958,LTU,64.74
1959,LTU,64.89
1960,LTU,64.955
1961,LTU,64.59
1962,LTU,64.304
1963,LTU,64.07
1964,LTU,63.911
1965,LTU,63.745
1966,LTU,63.543
1967,LTU,63.356
1968,LTU,63.103
1969,LTU,62.898
1970,LTU,62.952
1971,LTU,63.02
1972,LTU,62.933
1973,LTU,62.992
1974,LTU,63.242
1975,LTU,63.625
1976,LTU,64.042
1977,LTU,64.419
1978,LTU,64.776
1979,LTU,65.04
1980,LTU,65.269
1981,LTU,65.586
1982,LTU,65.928
1983,LTU,66.259
1984,LTU,66.519
1985,LTU,66.693
1986,LTU,66.795
1987,LTU,66.818
1988,LTU,66.766
1989,LTU,66.669
1950,LUX,70.123
1951,LUX,70.12
1952,LUX,69.974
1953,LUX,69.738
1954,LUX,69.489
1955,LUX,69.239
1956,LUX,69.02
1957,LUX,68.82
1958,LUX,68.607
1959,LUX,68.44
1960,LUX,68.153
1961,LUX,67.721
1962,LUX,67.361
1963,LUX,67.043
1964,LUX,66.668
1965,LUX,66.278
1966,LUX,65.925
1967,LUX,65.624
1968,LUX,65.434
1969,LUX,65.348
1970,LUX,65.581
1971,LUX,65.451
1972,LUX,65.731
1973,LUX,66.059
1974,LUX,66.542
1975,LUX,66.992
1976,LUX,67.322
1977,LUX,67.576
1978,LUX,67.803
1979,LUX,67.658
1980,LUX,67.589
1981,LUX,67.984
1982,LUX,68.411
1983,LUX,68.889
1984,LUX,69.308
1985,LUX,69.551
1986,LUX,69.691
1987,LUX,69.76
1988,LUX,69.64
1989,LUX,69.438
1950,MEX,53.681
1951,MEX,53.637
1952,MEX,53.575
1953,MEX,53.49
1954,MEX,53.374
1955,MEX,53.211
1956,MEX,53.035
1957,MEX,52.841
1958,MEX,52.63
1959,MEX,52.401
1960,MEX,52.154
1961,MEX,51.889
1962,MEX,51.611
1963,MEX,51.322
1964,MEX,51.02
1965,MEX,50.707
1966,MEX,50.407
1967,MEX,50.14
1968,MEX,49.921
1969,MEX,49.762
1970,MEX,49.669
1971,MEX,49.616
1972,MEX,49.586
1973,MEX,49.596
1974,MEX,49.657
1975,MEX,49.78
1976,MEX,49.976
1977,MEX,50.238
1978,MEX,50.561
1979,MEX,50.938
1980,MEX,51.35
1981,MEX,51.783
1982,MEX,52.233
1983,MEX,52.704
1984,MEX,53.194
1985,MEX,53.699
1986,MEX,54.22
1987,MEX,54.752
1988,MEX,55.285
1989,MEX,55.809
1950,NLD,62.963
1951,NLD,62.676
1952,NLD,62.375
1953,NLD,62.099
1954,NLD,61.888
1955,NLD,61.716
1956,NLD,61.536
1957,NLD,61.354
1958,NLD,61.204
1959,NLD,61.11
1960,NLD,61.02
1961,NLD,61.184
1962,NLD,61.598
1963,NLD,61.892
1964,NLD,62.059
1965,NLD,62.174
1966,NLD,62.281
1967,NLD,62.346
1968,NLD,62.402
1969,NLD,62.469
1970,NLD,62.55
1971,NLD,62.692
1972,NLD,62.88
1973,NLD,63.134
1974,NLD,63.468
1975,NLD,63.867
1976,NLD,64.327
1977,NLD,64.788
1978,NLD,65.238
1979,NLD,65.706
1980,NLD,66.163
1981,NLD,66.597
1982,NLD,67.047
1983,NLD,67.531
1984,NLD,68.045
1985,NLD,68.474
1986,NLD,68.752
1987,NLD,68.945
1988,NLD,69.02
1989,NLD,68.997
1950,NZL,61.941
1951,NZL,61.3
1952,NZL,60.805
1953,NZL,60.391
1954,NZL,60.006
1955,NZL,59.705
1956,NZL,59.508
1957,NZL,59.305
1958,NZL,59.054
1959,NZL,58.761
1960,NZL,58.489
1961,NZL,58.412
1962,NZL,58.523
1963,NZL,58.669
1964,NZL,58.824
1965,NZL,58.947
1966,NZL,59.091
1967,NZL,59.215
1968,NZL,59.261
1969,NZL,59.377
1970,NZL,59.613
1971,NZL,59.812
1972,NZL,60.014
1973,NZL,60.351
1974,NZL,60.792
1975,NZL,61.182
1976,NZL,61.565
1977,NZL,62.015
1978,NZL,62.435
1979,NZL,62.81
1980,NZL,63.274
1981,NZL,63.631
1982,NZL,63.922
1983,NZL,64.392
1984,NZL,64.838
1985,NZL,65.207
1986,NZL,65.432
1987,NZL,65.654
1988,NZL,65.834
1989,NZL,65.852
1950,NOR,66.193
1951,NOR,65.731
1952,NOR,65.287
1953,NOR,64.861
1954,NOR,64.492
1955,NOR,64.187
1956,NOR,63.774
1957,NOR,63.365
1958,NOR,63.143
1959,NOR,63.04
1960,NOR,63.044
1961,NOR,63.16
1962,NOR,63.32
1963,NOR,63.4
1964,NOR,63.38
1965,NOR,63.275
1966,NOR,63.108
1967,NOR,62.948
1968,NOR,62.834
1969,NOR,62.725
1970,NOR,62.645
1971,NOR,62.605
1972,NOR,62.57
1973,NOR,62.542
1974,NOR,62.524
1975,NOR,62.519
1976,NOR,62.557
1977,NOR,62.626
1978,NOR,62.724
1979,NOR,62.875
1980,NOR,63.075
1981,NOR,63.31
1982,NOR,63.535
1983,NOR,63.762
1984,NOR,64.058
1985,NOR,64.27
1986,NOR,64.41
1987,NOR,64.604
1988,NOR,64.74
1989,NOR,64.767
1950,POL,65.596
1951,POL,65.355
1952,POL,65.084
1953,POL,64.784
1954,POL,64.393
1955,POL,63.902
1956,POL,63.364
1957,POL,62.631
1958,POL,61.853
1959,POL,61.296
1960,POL,60.183
1961,POL,60.554
1962,POL,60.748
1963,POL,61.121
1964,POL,61.609
1965,POL,62.147
1966,POL,62.687
1967,POL,63.27
1968,POL,63.792
1969,POL,64.366
1970,POL,65.125
1971,POL,65.296
1972,POL,65.758
1973,POL,66.129
1974,POL,66.358
1975,POL,66.433
1976,POL,66.379
1977,POL,66.2
1978,POL,66.019
1979,POL,65.765
1980,POL,65.617
1981,POL,65.558
1982,POL,65.503
1983,POL,65.407
1984,POL,65.238
1985,POL,65.053
1986,POL,64.913
1987,POL,64.846
1988,POL,64.776
1989,POL,64.727
1950,PRT,63.751
1951,PRT,63.629
1952,PRT,63.698
1953,PRT,63.705
1954,PRT,63.736
1955,PRT,63.584
1956,PRT,63.353
1957,PRT,63.139
1958,PRT,62.927
1959,PRT,62.833
1960,PRT,62.841
1961,PRT,62.888
1962,PRT,62.88
1963,PRT,62.909
1964,PRT,62.951
1965,PRT,62.747
1966,PRT,62.433
1967,PRT,62.23
1968,PRT,62.051
1969,PRT,61.896
1970,PRT,61.847
1971,PRT,61.814
1972,PRT,61.801
1973,PRT,61.962
1974,PRT,62.254
1975,PRT,62.268
1976,PRT,62.158
1977,PRT,62.233
1978,PRT,62.386
1979,PRT,62.614
1980,PRT,62.89
1981,PRT,63.189
1982,PRT,63.482
1983,PRT,63.827
1984,PRT,64.195
1985,PRT,64.5
1986,PRT,64.786
1987,PRT,65.109
1988,PRT,65.444
1989,PRT,65.781
1950,SVK,64.538
1951,SVK,64.195
1952,SVK,63.748
1953,SVK,63.443
1954,SVK,63.034
1955,SVK,62.754
1956,SVK,62.468
1957,SVK,62.178
1958,SVK,61.908
1959,SVK,61.761
1960,SVK,61.541
1961,SVK,61.43
1962,SVK,61.406
1963,SVK,61.524
1964,SVK,61.609
1965,SVK,61.755
1966,SVK,62.058
1967,SVK,62.437
1968,SVK,62.833
1969,SVK,63.208
1970,SVK,63.542
1971,SVK,63.697
1972,SVK,63.976
1973,SVK,64.093
1974,SVK,64.04
1975,SVK,63.906
1976,SVK,63.811
1977,SVK,63.674
1978,SVK,63.532
1979,SVK,63.402
1980,SVK,63.402
1981,SVK,63.682
1982,SVK,63.937
1983,SVK,64.182
1984,SVK,64.251
1985,SVK,64.146
1986,SVK,64.039
1987,SVK,63.961
1988,SVK,63.987
1989,SVK,64.157
1950,SVN,65.488
1951,SVN,65.379
1952,SVN,65.34
1953,SVN,65.258
1954,SVN,65.142
1955,SVN,65.031
1956,SVN,64.955
1957,SVN,64.838
1958,SVN,64.712
1959,SVN,64.611
1960,SVN,64.56
1961,SVN,64.623
1962,SVN,64.688
1963,SVN,64.776
1964,SVN,64.903
1965,SVN,65.069
1966,SVN,65.151
1967,SVN,65.376
1968,SVN,65.662
1969,SVN,65.895
1970,SVN,66.016
1971,SVN,65.91
1972,SVN,65.942
1973,SVN,65.883
1974,SVN,65.739
1975,SVN,65.579
1976,SVN,65.458
1977,SVN,65.355
1978,SVN,65.248
1979,SVN,65.169
1980,SVN,65.27
1981,SVN,65.977
1982,SVN,66.485
1983,SVN,66.984
1984,SVN,67.362
1985,SVN,67.557
1986,SVN,68.112
1987,SVN,68.214
1988,SVN,68.296
1989,SVN,68.373
1950,ESP,66.266
1951,ESP,66.561
1952,ESP,66.544
1953,ESP,66.256
1954,ESP,65.817
1955,ESP,65.511
1956,ESP,65.305
1957,ESP,64.975
1958,ESP,64.707
1959,ESP,64.516
1960,ESP,64.395
1961,ESP,64.26
1962,ESP,64.151
1963,ESP,64.007
1964,ESP,63.869
1965,ESP,63.737
1966,ESP,63.631
1967,ESP,63.392
1968,ESP,63.08
1969,ESP,62.849
1970,ESP,62.622
1971,ESP,62.438
1972,ESP,62.358
1973,ESP,62.298
1974,ESP,62.201
1975,ESP,62.104
1976,ESP,62.065
1977,ESP,62.109
1978,ESP,62.258
1979,ESP,62.517
1980,ESP,62.861
1981,ESP,63.201
1982,ESP,63.586
1983,ESP,63.989
1984,ESP,64.371
1985,ESP,64.739
1986,ESP,65.097
1987,ESP,65.415
1988,ESP,65.756
1989,ESP,66.132
1950,SWE,66.512
1951,SWE,66.19
1952,SWE,65.901
1953,SWE,65.636
1954,SWE,65.461
1955,SWE,65.328
1956,SWE,65.181
1957,SWE,65.158
1958,SWE,65.297
1959,SWE,65.531
1960,SWE,65.821
1961,SWE,66.101
1962,SWE,66.326
1963,SWE,66.464
1964,SWE,66.48
1965,SWE,66.381
1966,SWE,66.19
1967,SWE,65.955
1968,SWE,65.77
1969,SWE,65.633
1970,SWE,65.486
1971,SWE,65.282
1972,SWE,65.013
1973,SWE,64.732
1974,SWE,64.45
1975,SWE,64.196
1976,SWE,64.018
1977,SWE,63.905
1978,SWE,63.874
1979,SWE,63.959
1980,SWE,64.116
1981,SWE,64.298
1982,SWE,64.475
1983,SWE,64.61
1984,SWE,64.676
1985,SWE,64.601
1986,SWE,64.474
1987,SWE,64.428
1988,SWE,64.403
1989,SWE,64.37
1950,CHE,66.91
1951,CHE,66.681
1952,CHE,66.465
1953,CHE,66.233
1954,CHE,66.013
1955,CHE,65.804
1956,CHE,65.649
1957,CHE,65.581
1958,CHE,65.591
1959,CHE,65.641
1960,CHE,65.74
1961,CHE,65.717
1962,CHE,65.618
1963,CHE,65.613
1964,CHE,65.546
1965,CHE,65.362
1966,CHE,65.164
1967,CHE,65.048
1968,CHE,65.022
1969,CHE,65.029
1970,CHE,64.879
1971,CHE,64.686
1972,CHE,64.704
1973,CHE,64.8
1974,CHE,64.899
1975,CHE,64.993
1976,CHE,65.128
1977,CHE,65.339
1978,CHE,65.623
1979,CHE,65.987
1980,CHE,66.414
1981,CHE,66.882
1982,CHE,67.341
1983,CHE,67.745
1984,CHE,68.076
1985,CHE,68.292
1986,CHE,68.406
1987,CHE,68.473
1988,CHE,68.477
1989,CHE,68.428
1950,TUR,58.221
1951,TUR,57.935
1952,TUR,57.677
1953,TUR,57.444
1954,TUR,57.237
1955,TUR,56.917
1956,TUR,56.489
1957,TUR,56.09
1958,TUR,55.721
1959,TUR,55.382
1960,TUR,55.076
1961,TUR,54.803
1962,TUR,54.562
1963,TUR,54.35
1964,TUR,54.17
1965,TUR,54.036
1966,TUR,53.947
1967,TUR,53.879
1968,TUR,53.834
1969,TUR,53.811
1970,TUR,53.891
1971,TUR,54.071
1972,TUR,54.27
1973,TUR,54.488
1974,TUR,54.725
1975,TUR,54.952
1976,TUR,55.174
1977,TUR,55.422
1978,TUR,55.694
1979,TUR,55.99
1980,TUR,56.342
1981,TUR,56.742
1982,TUR,57.15
1983,TUR,57.566
1984,TUR,57.991
1985,TUR,58.455
1986,TUR,58.955
1987,TUR,59.458
1988,TUR,59.964
1989,TUR,60.472
1950,GBR,66.78
1951,GBR,66.48
1952,GBR,66.243
1953,GBR,66.094
1954,GBR,65.87
1955,GBR,65.733
1956,GBR,65.457
1957,GBR,65.219
1958,GBR,65.116
1959,GBR,65.074
1960,GBR,64.99
1961,GBR,64.854
1962,GBR,65.087
1963,GBR,65.123
1964,GBR,64.954
1965,GBR,64.682
1966,GBR,64.369
1967,GBR,64.003
1968,GBR,63.682
1969,GBR,63.365
1970,GBR,63.126
1971,GBR,62.672
1972,GBR,62.516
1973,GBR,62.449
1974,GBR,62.468
1975,GBR,62.583
1976,GBR,62.832
1977,GBR,63.145
1978,GBR,63.443
1979,GBR,63.752
1980,GBR,64.049
1981,GBR,64.372
1982,GBR,64.77
1983,GBR,65.235
1984,GBR,65.654
1985,GBR,65.607
1986,GBR,65.626
1987,GBR,65.601
1988,GBR,65.529
1989,GBR,65.39
1950,USA,64.935
1951,USA,64.292
1952,USA,63.638
1953,USA,63.006
1954,USA,62.364
1955,USA,61.744
1956,USA,61.214
1957,USA,60.722
1958,USA,60.442
1959,USA,60.081
1960,USA,59.732
1961,USA,59.365
1962,USA,59.6
1963,USA,59.711
1964,USA,59.834
1965,USA,60.01
1966,USA,60.31
1967,USA,60.682
1968,USA,61.112
1969,USA,61.545
1970,USA,61.939
1971,USA,62.296
1972,USA,62.807
1973,USA,63.341
1974,USA,63.871
1975,USA,64.321
1976,USA,64.843
1977,USA,65.27
1978,USA,65.651
1979,USA,65.969
1980,USA,66.114
1981,USA,66.237
1982,USA,66.28
1983,USA,66.282
1984,USA,66.348
1985,USA,66.397
1986,USA,66.459
1987,USA,66.368
1988,USA,66.227
1989,USA,66.006
1950,G20,61.35
1951,G20,61.167
1952,G20,60.934
1953,G20,60.666
1954,G20,60.365
1955,G20,60.042
1956,G20,59.747
1957,G20,59.382
1958,G20,58.989
1959,G20,58.729
1960,G20,58.57
1961,G20,58.517
1962,G20,58.47
1963,G20,58.232
1964,G20,58.025
1965,G20,57.939
1966,G20,57.929
1967,G20,58.002
1968,G20,58.076
1969,G20,58.122
1970,G20,58.214
1971,G20,58.284
1972,G20,58.414
1973,G20,58.55
1974,G20,58.606
1975,G20,58.647
1976,G20,58.718
1977,G20,58.946
1978,G20,59.418
1979,G20,59.91
1980,G20,60.312
1981,G20,60.71
1982,G20,61.063
1983,G20,61.45
1984,G20,61.881
1985,G20,62.246
1986,G20,62.559
1987,G20,62.795
1988,G20,62.997
1989,G20,63.151
1950,EU27,65.846
1951,EU27,65.842
1952,EU27,65.776
1953,EU27,65.711
1954,EU27,65.651
1955,EU27,65.593
1956,EU27,65.482
1957,EU27,65.238
1958,EU27,64.985
1959,EU27,64.792
1960,EU27,64.523
1961,EU27,64.377
1962,EU27,64.329
1963,EU27,64.325
1964,EU27,64.285
1965,EU27,64.239
1966,EU27,64.182
1967,EU27,64.069
1968,EU27,63.916
1969,EU27,63.881
1970,EU27,63.874
1971,EU27,63.835
1972,EU27,63.859
1973,EU27,63.897
1974,EU27,63.922
1975,EU27,63.934
1976,EU27,63.986
1977,EU27,64.057
1978,EU27,64.167
1979,EU27,64.338
1980,EU27,64.614
1981,EU27,65.022
1982,EU27,65.52
1983,EU27,66.057
1984,EU27,66.489
1985,EU27,66.707
1986,EU27,66.796
1987,EU27,66.878
1988,EU27,66.933
1989,EU27,66.981
1950,OECD,63.611
1951,OECD,63.423
1952,OECD,63.225
1953,OECD,63.043
1954,OECD,62.836
1955,OECD,62.647
1956,OECD,62.483
1957,OECD,62.276
1958,OECD,62.1
1959,OECD,61.935
1960,OECD,61.646
1961,OECD,61.427
1962,OECD,61.522
1963,OECD,61.605
1964,OECD,61.656
1965,OECD,61.667
1966,OECD,61.72
1967,OECD,61.736
1968,OECD,61.773
1969,OECD,61.839
1970,OECD,61.913
1971,OECD,61.951
1972,OECD,62.075
1973,OECD,62.222
1974,OECD,62.387
1975,OECD,62.558
1976,OECD,62.78
1977,OECD,63
1978,OECD,63.235
1979,OECD,63.484
1980,OECD,63.744
1981,OECD,64.015
1982,OECD,64.329
1983,OECD,64.64
1984,OECD,64.947
1985,OECD,65.128
1986,OECD,65.305
1987,OECD,65.443
1988,OECD,65.557
1989,OECD,65.633
1950,ARG,64.772
1951,ARG,64.667
1952,ARG,64.52
1953,ARG,64.348
1954,ARG,64.175
1955,ARG,64.018
1956,ARG,63.871
1957,ARG,63.745
1958,ARG,63.651
1959,ARG,63.572
1960,ARG,63.508
1961,ARG,63.475
1962,ARG,63.474
1963,ARG,63.494
1964,ARG,63.519
1965,ARG,63.562
1966,ARG,63.63
1967,ARG,63.698
1968,ARG,63.748
1969,ARG,63.772
1970,ARG,63.759
1971,ARG,63.705
1972,ARG,63.617
1973,ARG,63.489
1974,ARG,63.326
1975,ARG,63.137
1976,ARG,62.906
1977,ARG,62.636
1978,ARG,62.349
1979,ARG,62.065
1980,ARG,61.791
1981,ARG,61.528
1982,ARG,61.307
1983,ARG,61.151
1984,ARG,61.047
1985,ARG,60.972
1986,ARG,60.92
1987,ARG,60.892
1988,ARG,60.886
1989,ARG,60.905
1950,BRA,55.089
1951,BRA,54.953
1952,BRA,54.798
1953,BRA,54.633
1954,BRA,54.463
1955,BRA,54.278
1956,BRA,54.082
1957,BRA,53.881
1958,BRA,53.677
1959,BRA,53.478
1960,BRA,53.286
1961,BRA,53.106
1962,BRA,52.97
1963,BRA,52.904
1964,BRA,52.936
1965,BRA,53.049
1966,BRA,53.213
1967,BRA,53.439
1968,BRA,53.721
1969,BRA,54.045
1970,BRA,54.392
1971,BRA,54.753
1972,BRA,55.127
1973,BRA,55.51
1974,BRA,55.905
1975,BRA,56.305
1976,BRA,56.694
1977,BRA,57.072
1978,BRA,57.434
1979,BRA,57.767
1980,BRA,57.584
1981,BRA,57.808
1982,BRA,57.997
1983,BRA,58.168
1984,BRA,58.349
1985,BRA,58.557
1986,BRA,58.787
1987,BRA,59.03
1988,BRA,59.291
1989,BRA,59.573
1950,BGR,66.715
1951,BGR,66.557
1952,BGR,66.59
1953,BGR,66.529
1954,BGR,66.377
1955,BGR,66.289
1956,BGR,66.261
1957,BGR,66.297
1958,BGR,66.353
1959,BGR,66.41
1960,BGR,66.422
1961,BGR,66.528
1962,BGR,66.703
1963,BGR,66.919
1964,BGR,67.184
1965,BGR,67.421
1966,BGR,67.569
1967,BGR,67.694
1968,BGR,67.736
1969,BGR,67.664
1970,BGR,67.583
1971,BGR,67.522
1972,BGR,67.46
1973,BGR,67.35
1974,BGR,67.155
1975,BGR,66.884
1976,BGR,66.645
1977,BGR,66.429
1978,BGR,66.369
1979,BGR,66.264
1980,BGR,65.999
1981,BGR,66.035
1982,BGR,66.356
1983,BGR,66.756
1984,BGR,67
1985,BGR,67.01
1986,BGR,66.906
1987,BGR,66.735
1988,BGR,66.605
1989,BGR,66.536
1950,CHN,60.168
1951,CHN,59.803
1952,CHN,59.27
1953,CHN,58.645
1954,CHN,58.011
1955,CHN,57.35
1956,CHN,56.823
1957,CHN,56.233
1958,CHN,55.628
1959,CHN,55.44
1960,CHN,55.7
1961,CHN,56.164
1962,CHN,56.216
1963,CHN,55.65
1964,CHN,55.111
1965,CHN,54.897
1966,CHN,54.855
1967,CHN,55.082
1968,CHN,55.3
1969,CHN,55.362
1970,CHN,55.499
1971,CHN,55.606
1972,CHN,55.828
1973,CHN,56.032
1974,CHN,55.956
1975,CHN,55.803
1976,CHN,55.697
1977,CHN,56.091
1978,CHN,57.255
1979,CHN,58.488
1980,CHN,59.508
1981,CHN,60.438
1982,CHN,61.164
1983,CHN,62.007
1984,CHN,63.015
1985,CHN,63.911
1986,CHN,64.643
1987,CHN,65.15
1988,CHN,65.552
1989,CHN,65.82
1950,HRV,65.442
1951,HRV,65.6
1952,HRV,65.725
1953,HRV,65.787
1954,HRV,65.822
1955,HRV,65.848
1956,HRV,65.872
1957,HRV,65.872
1958,HRV,65.836
1959,HRV,65.772
1960,HRV,65.725
1961,HRV,65.701
1962,HRV,65.728
1963,HRV,65.849
1964,HRV,66.015
1965,HRV,66.185
1966,HRV,66.364
1967,HRV,66.565
1968,HRV,66.81
1969,HRV,67.095
1970,HRV,67.377
1971,HRV,67.556
1972,HRV,67.603
1973,HRV,67.585
1974,HRV,67.538
1975,HRV,67.48
1976,HRV,67.424
1977,HRV,67.366
1978,HRV,67.3
1979,HRV,67.265
1980,HRV,67.378
1981,HRV,67.686
1982,HRV,68.085
1983,HRV,68.436
1984,HRV,68.593
1985,HRV,68.566
1986,HRV,68.522
1987,HRV,68.525
1988,HRV,68.545
1989,HRV,68.575
1950,CYP,59.683
1951,CYP,59.657
1952,CYP,59.604
1953,CYP,59.524
1954,CYP,59.405
1955,CYP,59.236
1956,CYP,59.011
1957,CYP,58.73
1958,CYP,58.398
1959,CYP,58.024
1960,CYP,57.67
1961,CYP,57.696
1962,CYP,58.076
1963,CYP,58.466
1964,CYP,58.83
1965,CYP,59.145
1966,CYP,59.405
1967,CYP,59.616
1968,CYP,59.8
1969,CYP,59.97
1970,CYP,60.125
1971,CYP,60.249
1972,CYP,60.327
1973,CYP,60.619
1974,CYP,60.934
1975,CYP,61.207
1976,CYP,61.874
1977,CYP,62.743
1978,CYP,63.566
1979,CYP,64.298
1980,CYP,64.905
1981,CYP,65.37
1982,CYP,64.239
1983,CYP,64.092
1984,CYP,63.833
1985,CYP,63.582
1986,CYP,63.35
1987,CYP,63.182
1988,CYP,63.048
1989,CYP,63.061
1950,IND,58.967
1951,IND,58.805
1952,IND,58.607
1953,IND,58.356
1954,IND,58.064
1955,IND,57.75
1956,IND,57.428
1957,IND,57.088
1958,IND,56.759
1959,IND,56.447
1960,IND,56.118
1961,IND,55.789
1962,IND,55.444
1963,IND,55.091
1964,IND,54.859
1965,IND,54.779
1966,IND,54.758
1967,IND,54.794
1968,IND,54.842
1969,IND,54.881
1970,IND,54.98
1971,IND,55.075
1972,IND,55.155
1973,IND,55.249
1974,IND,55.35
1975,IND,55.49
1976,IND,55.637
1977,IND,55.797
1978,IND,55.957
1979,IND,56.114
1980,IND,56.255
1981,IND,56.356
1982,IND,56.45
1983,IND,56.551
1984,IND,56.645
1985,IND,56.733
1986,IND,56.825
1987,IND,56.932
1988,IND,57.067
1989,IND,57.226
1950,IDN,57.057
1951,IDN,57.516
1952,IDN,57.897
1953,IDN,58.193
1954,IDN,58.398
1955,IDN,58.507
1956,IDN,58.525
1957,IDN,58.459
1958,IDN,58.31
1959,IDN,58.085
1960,IDN,57.797
1961,IDN,57.464
1962,IDN,57.089
1963,IDN,56.671
1964,IDN,56.205
1965,IDN,55.715
1966,IDN,55.262
1967,IDN,54.879
1968,IDN,54.591
1969,IDN,54.396
1970,IDN,54.275
1971,IDN,54.223
1972,IDN,54.23
1973,IDN,54.282
1974,IDN,54.39
1975,IDN,54.547
1976,IDN,54.737
1977,IDN,54.962
1978,IDN,55.209
1979,IDN,55.478
1980,IDN,55.783
1981,IDN,56.126
1982,IDN,56.495
1983,IDN,56.877
1984,IDN,57.281
1985,IDN,57.722
1986,IDN,58.2
1987,IDN,58.687
1988,IDN,59.166
1989,IDN,59.626
1950,MLT,57.646
1951,MLT,57.522
1952,MLT,57.33
1953,MLT,57.124
1954,MLT,56.887
1955,MLT,56.629
1956,MLT,56.426
1957,MLT,56.32
1958,MLT,56.359
1959,MLT,56.603
1960,MLT,57.046
1961,MLT,57.645
1962,MLT,58.318
1963,MLT,58.994
1964,MLT,59.657
1965,MLT,60.309
1966,MLT,60.939
1967,MLT,61.548
1968,MLT,62.236
1969,MLT,62.955
1970,MLT,63.585
1971,MLT,64.154
1972,MLT,64.685
1973,MLT,65.177
1974,MLT,65.619
1975,MLT,66.002
1976,MLT,66.321
1977,MLT,66.567
1978,MLT,66.734
1979,MLT,66.824
1980,MLT,66.844
1981,MLT,66.8
1982,MLT,66.694
1983,MLT,66.546
1984,MLT,66.747
1985,MLT,66.39
1986,MLT,66.045
1987,MLT,66.042
1988,MLT,66.076
1989,MLT,66.058
1950,ROU,64.505
1951,ROU,64.739
1952,ROU,64.982
1953,ROU,65.21
1954,ROU,65.366
1955,ROU,65.429
1956,ROU,65.362
1957,ROU,65.243
1958,ROU,65.145
1959,ROU,65.058
1960,ROU,65.014
1961,ROU,65.044
1962,ROU,65.18
1963,ROU,65.43
1964,ROU,65.804
1965,ROU,66.275
1966,ROU,66.75
1967,ROU,66.819
1968,ROU,65.637
1969,ROU,65.491
1970,ROU,65.486
1971,ROU,65.576
1972,ROU,65.615
1973,ROU,65.622
1974,ROU,65.477
1975,ROU,65.074
1976,ROU,64.569
1977,ROU,64.057
1978,ROU,63.609
1979,ROU,63.273
1980,ROU,63.032
1981,ROU,62.869
1982,ROU,63.384
1983,ROU,64.586
1984,ROU,65.445
1985,ROU,65.839
1986,ROU,66.01
1987,ROU,66.014
1988,ROU,65.967
1989,ROU,65.967
1950,RUS,64.61
1951,RUS,64.961
1952,RUS,65.568
1953,RUS,66.201
1954,RUS,66.71
1955,RUS,67.029
1956,RUS,67.077
1957,RUS,66.621
1958,RUS,65.56
1959,RUS,64.434
1960,RUS,63.504
1961,RUS,63.001
1962,RUS,62.966
1963,RUS,63.066
1964,RUS,63.401
1965,RUS,63.85
1966,RUS,64.28
1967,RUS,64.754
1968,RUS,65.175
1969,RUS,65.626
1970,RUS,66.18
1971,RUS,66.66
1972,RUS,67.029
1973,RUS,67.409
1974,RUS,67.753
1975,RUS,68.038
1976,RUS,68.268
1977,RUS,68.385
1978,RUS,68.406
1979,RUS,68.316
1980,RUS,68.15
1981,RUS,68.14
1982,RUS,68.184
1983,RUS,68.033
1984,RUS,67.839
1985,RUS,67.762
1986,RUS,67.711
1987,RUS,67.614
1988,RUS,67.456
1989,RUS,67.262
1950,SAU,54.623
1951,SAU,54.666
1952,SAU,54.673
1953,SAU,54.635
1954,SAU,54.546
1955,SAU,54.409
1956,SAU,54.238
1957,SAU,54.043
1958,SAU,53.83
1959,SAU,53.605
1960,SAU,53.372
1961,SAU,53.132
1962,SAU,52.877
1963,SAU,52.565
1964,SAU,52.273
1965,SAU,52.061
1966,SAU,51.875
1967,SAU,51.727
1968,SAU,51.638
1969,SAU,51.607
1970,SAU,51.63
1971,SAU,51.74
1972,SAU,51.94
1973,SAU,52.19
1974,SAU,52.449
1975,SAU,52.688
1976,SAU,52.919
1977,SAU,53.154
1978,SAU,53.377
1979,SAU,53.572
1980,SAU,53.739
1981,SAU,53.916
1982,SAU,54.112
1983,SAU,54.283
1984,SAU,54.392
1985,SAU,54.44
1986,SAU,54.517
1987,SAU,54.653
1988,SAU,54.758
1989,SAU,54.868
1950,SGP,56.997
1951,SGP,56.7
1952,SGP,56.437
1953,SGP,56.184
1954,SGP,55.9
1955,SGP,55.562
1956,SGP,55.161
1957,SGP,54.62
1958,SGP,53.96
1959,SGP,53.359
1960,SGP,52.314
1961,SGP,51.903
1962,SGP,52.114
1963,SGP,52.379
1964,SGP,52.769
1965,SGP,53.31
1966,SGP,53.686
1967,SGP,54.334
1968,SGP,55.154
1969,SGP,56.157
1970,SGP,57.492
1971,SGP,58.787
1972,SGP,59.719
1973,SGP,60.739
1974,SGP,61.736
1975,SGP,62.989
1976,SGP,64.1
1977,SGP,65.149
1978,SGP,66.23
1979,SGP,67.296
1980,SGP,67.462
1981,SGP,68.248
1982,SGP,68.819
1983,SGP,69.235
1984,SGP,69.581
1985,SGP,69.774
1986,SGP,70.124
1987,SGP,70.508
1988,SGP,70.747
1989,SGP,70.766
1950,ZAF,55.824
1951,ZAF,55.711
1952,ZAF,55.563
1953,ZAF,55.384
1954,ZAF,55.198
1955,ZAF,55.026
1956,ZAF,54.873
1957,ZAF,54.742
1958,ZAF,54.619
1959,ZAF,54.535
1960,ZAF,54.515
1961,ZAF,54.519
1962,ZAF,54.527
1963,ZAF,54.561
1964,ZAF,54.557
1965,ZAF,54.492
1966,ZAF,54.413
1967,ZAF,54.335
1968,ZAF,54.269
1969,ZAF,54.212
1970,ZAF,54.167
1971,ZAF,54.153
1972,ZAF,54.173
1973,ZAF,54.213
1974,ZAF,54.269
1975,ZAF,54.341
1976,ZAF,54.43
1977,ZAF,54.57
1978,ZAF,54.762
1979,ZAF,54.954
1980,ZAF,55.27
1981,ZAF,55.69
1982,ZAF,56.05
1983,ZAF,56.34
1984,ZAF,56.586
1985,ZAF,56.827
1986,ZAF,57.079
1987,ZAF,57.34
1988,ZAF,57.621
1989,ZAF,57.941
1950,W,60.128
1951,W,59.994
1952,W,59.823
1953,W,59.61
1954,W,59.367
1955,W,59.096
1956,W,58.824
1957,W,58.494
1958,W,58.117
1959,W,57.828
1960,W,57.638
1961,W,57.543
1962,W,57.427
1963,W,57.191
1964,W,56.99
1965,W,56.89
1966,W,56.841
1967,W,56.864
1968,W,56.899
1969,W,56.927
1970,W,56.997
1971,W,57.068
1972,W,57.168
1973,W,57.281
1974,W,57.343
1975,W,57.4
1976,W,57.474
1977,W,57.66
1978,W,58.021
1979,W,58.387
1980,W,58.707
1981,W,59.019
1982,W,59.289
1983,W,59.577
1984,W,59.883
1985,W,60.149
1986,W,60.378
1987,W,60.558
1988,W,60.712
1989,W,60.834
